Timestamp,Device,Power_Consumption_Watt
2025-04-22 00:00:00,Fridge,191
2025-04-22 00:00:00,Washing machine,1260
2025-04-22 00:00:00,TV,232
2025-04-22 00:00:00,Laptop,37
2025-04-22 00:00:00,Heater,1844
2025-04-22 01:00:00,Fridge,128
2025-04-22 01:00:00,Washing machine,975
2025-04-22 01:00:00,TV,122
2025-04-22 01:00:00,Laptop,70
2025-04-22 01:00:00,Heater,1172
2025-04-22 02:00:00,Fridge,108
2025-04-22 02:00:00,Washing machine,664
2025-04-22 02:00:00,TV,247
2025-04-22 02:00:00,Laptop,75
2025-04-22 02:00:00,Heater,1416
2025-04-22 03:00:00,Fridge,133
2025-04-22 03:00:00,Washing machine,588
2025-04-22 03:00:00,TV,290
2025-04-22 03:00:00,Laptop,42
2025-04-22 03:00:00,Heater,1819
2025-04-22 04:00:00,Fridge,142
2025-04-22 04:00:00,Washing machine,765
2025-04-22 04:00:00,TV,105
2025-04-22 04:00:00,Laptop,51
2025-04-22 04:00:00,Heater,1294
2025-04-22 05:00:00,Fridge,150
2025-04-22 05:00:00,Washing machine,1107
2025-04-22 05:00:00,TV,162
2025-04-22 05:00:00,Laptop,57
2025-04-22 05:00:00,Heater,1303
2025-04-22 06:00:00,Fridge,105
2025-04-22 06:00:00,Washing machine,841
2025-04-22 06:00:00,TV,170
2025-04-22 06:00:00,Laptop,31
2025-04-22 06:00:00,Heater,1717
2025-04-22 07:00:00,Fridge,123
2025-04-22 07:00:00,Washing machine,860
2025-04-22 07:00:00,TV,250
2025-04-22 07:00:00,Laptop,54
2025-04-22 07:00:00,Heater,1970
2025-04-22 08:00:00,Fridge,152
2025-04-22 08:00:00,Washing machine,593
2025-04-22 08:00:00,TV,203
2025-04-22 08:00:00,Laptop,68
2025-04-22 08:00:00,Heater,1866
2025-04-22 09:00:00,Fridge,134
2025-04-22 09:00:00,Washing machine,759
2025-04-22 09:00:00,TV,203
2025-04-22 09:00:00,Laptop,53
2025-04-22 09:00:00,Heater,1229
2025-04-22 10:00:00,Fridge,186
2025-04-22 10:00:00,Washing machine,1390
2025-04-22 10:00:00,TV,227
2025-04-22 10:00:00,Laptop,58
2025-04-22 10:00:00,Heater,1031
2025-04-22 11:00:00,Fridge,153
2025-04-22 11:00:00,Washing machine,839
2025-04-22 11:00:00,TV,114
2025-04-22 11:00:00,Laptop,36
2025-04-22 11:00:00,Heater,1471
2025-04-22 12:00:00,Fridge,196
2025-04-22 12:00:00,Washing machine,740
2025-04-22 12:00:00,TV,242
2025-04-22 12:00:00,Laptop,85
2025-04-22 12:00:00,Heater,1832
2025-04-22 13:00:00,Fridge,198
2025-04-22 13:00:00,Washing machine,777
2025-04-22 13:00:00,TV,279
2025-04-22 13:00:00,Laptop,85
2025-04-22 13:00:00,Heater,1068
2025-04-22 14:00:00,Fridge,140
2025-04-22 14:00:00,Washing machine,704
2025-04-22 14:00:00,TV,160
2025-04-22 14:00:00,Laptop,60
2025-04-22 14:00:00,Heater,1389
2025-04-22 15:00:00,Fridge,123
2025-04-22 15:00:00,Washing machine,769
2025-04-22 15:00:00,TV,139
2025-04-22 15:00:00,Laptop,80
2025-04-22 15:00:00,Heater,1453
2025-04-22 16:00:00,Fridge,191
2025-04-22 16:00:00,Washing machine,1306
2025-04-22 16:00:00,TV,241
2025-04-22 16:00:00,Laptop,35
2025-04-22 16:00:00,Heater,1665
2025-04-22 17:00:00,Fridge,108
2025-04-22 17:00:00,Washing machine,1388
2025-04-22 17:00:00,TV,249
2025-04-22 17:00:00,Laptop,75
2025-04-22 17:00:00,Heater,1732
2025-04-22 18:00:00,Fridge,166
2025-04-22 18:00:00,Washing machine,1003
2025-04-22 18:00:00,TV,156
2025-04-22 18:00:00,Laptop,37
2025-04-22 18:00:00,Heater,1533
2025-04-22 19:00:00,Fridge,115
2025-04-22 19:00:00,Washing machine,1307
2025-04-22 19:00:00,TV,114
2025-04-22 19:00:00,Laptop,32
2025-04-22 19:00:00,Heater,1109
2025-04-22 20:00:00,Fridge,103
2025-04-22 20:00:00,Washing machine,720
2025-04-22 20:00:00,TV,196
2025-04-22 20:00:00,Laptop,55
2025-04-22 20:00:00,Heater,1679
2025-04-22 21:00:00,Fridge,185
2025-04-22 21:00:00,Washing machine,661
2025-04-22 21:00:00,TV,291
2025-04-22 21:00:00,Laptop,59
2025-04-22 21:00:00,Heater,1180
2025-04-22 22:00:00,Fridge,171
2025-04-22 22:00:00,Washing machine,1055
2025-04-22 22:00:00,TV,120
2025-04-22 22:00:00,Laptop,38
2025-04-22 22:00:00,Heater,1501
2025-04-22 23:00:00,Fridge,102
2025-04-22 23:00:00,Washing machine,716
2025-04-22 23:00:00,TV,225
2025-04-22 23:00:00,Laptop,77
2025-04-22 23:00:00,Heater,1272
2025-04-23 00:00:00,Fridge,163
2025-04-23 00:00:00,Washing machine,516
2025-04-23 00:00:00,TV,235
2025-04-23 00:00:00,Laptop,85
2025-04-23 00:00:00,Heater,1478
2025-04-23 01:00:00,Fridge,168
2025-04-23 01:00:00,Washing machine,1024
2025-04-23 01:00:00,TV,251
2025-04-23 01:00:00,Laptop,42
2025-04-23 01:00:00,Heater,1465
2025-04-23 02:00:00,Fridge,197
2025-04-23 02:00:00,Washing machine,687
2025-04-23 02:00:00,TV,106
2025-04-23 02:00:00,Laptop,45
2025-04-23 02:00:00,Heater,1328
2025-04-23 03:00:00,Fridge,117
2025-04-23 03:00:00,Washing machine,690
2025-04-23 03:00:00,TV,194
2025-04-23 03:00:00,Laptop,45
2025-04-23 03:00:00,Heater,1979
2025-04-23 04:00:00,Fridge,131
2025-04-23 04:00:00,Washing machine,678
2025-04-23 04:00:00,TV,169
2025-04-23 04:00:00,Laptop,76
2025-04-23 04:00:00,Heater,1306
2025-04-23 05:00:00,Fridge,154
2025-04-23 05:00:00,Washing machine,604
2025-04-23 05:00:00,TV,147
2025-04-23 05:00:00,Laptop,63
2025-04-23 05:00:00,Heater,1142
2025-04-23 06:00:00,Fridge,136
2025-04-23 06:00:00,Washing machine,1338
2025-04-23 06:00:00,TV,103
2025-04-23 06:00:00,Laptop,58
2025-04-23 06:00:00,Heater,1039
2025-04-23 07:00:00,Fridge,151
2025-04-23 07:00:00,Washing machine,1429
2025-04-23 07:00:00,TV,220
2025-04-23 07:00:00,Laptop,54
2025-04-23 07:00:00,Heater,1114
2025-04-23 08:00:00,Fridge,149
2025-04-23 08:00:00,Washing machine,983
2025-04-23 08:00:00,TV,251
2025-04-23 08:00:00,Laptop,51
2025-04-23 08:00:00,Heater,1944
2025-04-23 09:00:00,Fridge,119
2025-04-23 09:00:00,Washing machine,1040
2025-04-23 09:00:00,TV,237
2025-04-23 09:00:00,Laptop,63
2025-04-23 09:00:00,Heater,1321
2025-04-23 10:00:00,Fridge,117
2025-04-23 10:00:00,Washing machine,708
2025-04-23 10:00:00,TV,218
2025-04-23 10:00:00,Laptop,85
2025-04-23 10:00:00,Heater,1966
2025-04-23 11:00:00,Fridge,105
2025-04-23 11:00:00,Washing machine,1380
2025-04-23 11:00:00,TV,240
2025-04-23 11:00:00,Laptop,74
2025-04-23 11:00:00,Heater,1516
2025-04-23 12:00:00,Fridge,191
2025-04-23 12:00:00,Washing machine,1484
2025-04-23 12:00:00,TV,184
2025-04-23 12:00:00,Laptop,42
2025-04-23 12:00:00,Heater,1540
2025-04-23 13:00:00,Fridge,152
2025-04-23 13:00:00,Washing machine,1361
2025-04-23 13:00:00,TV,224
2025-04-23 13:00:00,Laptop,87
2025-04-23 13:00:00,Heater,1344
2025-04-23 14:00:00,Fridge,100
2025-04-23 14:00:00,Washing machine,971
2025-04-23 14:00:00,TV,192
2025-04-23 14:00:00,Laptop,55
2025-04-23 14:00:00,Heater,1680
2025-04-23 15:00:00,Fridge,147
2025-04-23 15:00:00,Washing machine,1469
2025-04-23 15:00:00,TV,237
2025-04-23 15:00:00,Laptop,39
2025-04-23 15:00:00,Heater,1040
2025-04-23 16:00:00,Fridge,134
2025-04-23 16:00:00,Washing machine,1089
2025-04-23 16:00:00,TV,151
2025-04-23 16:00:00,Laptop,58
2025-04-23 16:00:00,Heater,1294
2025-04-23 17:00:00,Fridge,124
2025-04-23 17:00:00,Washing machine,938
2025-04-23 17:00:00,TV,111
2025-04-23 17:00:00,Laptop,71
2025-04-23 17:00:00,Heater,1395
2025-04-23 18:00:00,Fridge,164
2025-04-23 18:00:00,Washing machine,1445
2025-04-23 18:00:00,TV,209
2025-04-23 18:00:00,Laptop,75
2025-04-23 18:00:00,Heater,1104
2025-04-23 19:00:00,Fridge,192
2025-04-23 19:00:00,Washing machine,1038
2025-04-23 19:00:00,TV,128
2025-04-23 19:00:00,Laptop,59
2025-04-23 19:00:00,Heater,1287
2025-04-23 20:00:00,Fridge,109
2025-04-23 20:00:00,Washing machine,847
2025-04-23 20:00:00,TV,295
2025-04-23 20:00:00,Laptop,61
2025-04-23 20:00:00,Heater,1659
2025-04-23 21:00:00,Fridge,158
2025-04-23 21:00:00,Washing machine,672
2025-04-23 21:00:00,TV,208
2025-04-23 21:00:00,Laptop,48
2025-04-23 21:00:00,Heater,1286
2025-04-23 22:00:00,Fridge,161
2025-04-23 22:00:00,Washing machine,1030
2025-04-23 22:00:00,TV,294
2025-04-23 22:00:00,Laptop,80
2025-04-23 22:00:00,Heater,1595
2025-04-23 23:00:00,Fridge,149
2025-04-23 23:00:00,Washing machine,598
2025-04-23 23:00:00,TV,236
2025-04-23 23:00:00,Laptop,77
2025-04-23 23:00:00,Heater,1808
2025-04-24 00:00:00,Fridge,150
2025-04-24 00:00:00,Washing machine,1199
2025-04-24 00:00:00,TV,130
2025-04-24 00:00:00,Laptop,51
2025-04-24 00:00:00,Heater,1974
2025-04-24 01:00:00,Fridge,193
2025-04-24 01:00:00,Washing machine,648
2025-04-24 01:00:00,TV,236
2025-04-24 01:00:00,Laptop,85
2025-04-24 01:00:00,Heater,1228
2025-04-24 02:00:00,Fridge,134
2025-04-24 02:00:00,Washing machine,1268
2025-04-24 02:00:00,TV,128
2025-04-24 02:00:00,Laptop,31
2025-04-24 02:00:00,Heater,1863
2025-04-24 03:00:00,Fridge,169
2025-04-24 03:00:00,Washing machine,1294
2025-04-24 03:00:00,TV,205
2025-04-24 03:00:00,Laptop,47
2025-04-24 03:00:00,Heater,1879
2025-04-24 04:00:00,Fridge,196
2025-04-24 04:00:00,Washing machine,1168
2025-04-24 04:00:00,TV,293
2025-04-24 04:00:00,Laptop,81
2025-04-24 04:00:00,Heater,1779
2025-04-24 05:00:00,Fridge,168
2025-04-24 05:00:00,Washing machine,1395
2025-04-24 05:00:00,TV,186
2025-04-24 05:00:00,Laptop,82
2025-04-24 05:00:00,Heater,1056
2025-04-24 06:00:00,Fridge,160
2025-04-24 06:00:00,Washing machine,942
2025-04-24 06:00:00,TV,164
2025-04-24 06:00:00,Laptop,83
2025-04-24 06:00:00,Heater,1418
2025-04-24 07:00:00,Fridge,160
2025-04-24 07:00:00,Washing machine,543
2025-04-24 07:00:00,TV,221
2025-04-24 07:00:00,Laptop,33
2025-04-24 07:00:00,Heater,1311
2025-04-24 08:00:00,Fridge,129
2025-04-24 08:00:00,Washing machine,971
2025-04-24 08:00:00,TV,172
2025-04-24 08:00:00,Laptop,87
2025-04-24 08:00:00,Heater,1250
2025-04-24 09:00:00,Fridge,101
2025-04-24 09:00:00,Washing machine,739
2025-04-24 09:00:00,TV,233
2025-04-24 09:00:00,Laptop,85
2025-04-24 09:00:00,Heater,1929
2025-04-24 10:00:00,Fridge,197
2025-04-24 10:00:00,Washing machine,1199
2025-04-24 10:00:00,TV,157
2025-04-24 10:00:00,Laptop,68
2025-04-24 10:00:00,Heater,1220
2025-04-24 11:00:00,Fridge,155
2025-04-24 11:00:00,Washing machine,509
2025-04-24 11:00:00,TV,124
2025-04-24 11:00:00,Laptop,33
2025-04-24 11:00:00,Heater,1954
2025-04-24 12:00:00,Fridge,120
2025-04-24 12:00:00,Washing machine,1481
2025-04-24 12:00:00,TV,156
2025-04-24 12:00:00,Laptop,56
2025-04-24 12:00:00,Heater,1611
2025-04-24 13:00:00,Fridge,143
2025-04-24 13:00:00,Washing machine,740
2025-04-24 13:00:00,TV,251
2025-04-24 13:00:00,Laptop,33
2025-04-24 13:00:00,Heater,1680
2025-04-24 14:00:00,Fridge,122
2025-04-24 14:00:00,Washing machine,587
2025-04-24 14:00:00,TV,161
2025-04-24 14:00:00,Laptop,87
2025-04-24 14:00:00,Heater,1856
2025-04-24 15:00:00,Fridge,134
2025-04-24 15:00:00,Washing machine,1279
2025-04-24 15:00:00,TV,209
2025-04-24 15:00:00,Laptop,51
2025-04-24 15:00:00,Heater,1747
2025-04-24 16:00:00,Fridge,173
2025-04-24 16:00:00,Washing machine,616
2025-04-24 16:00:00,TV,267
2025-04-24 16:00:00,Laptop,49
2025-04-24 16:00:00,Heater,1377
2025-04-24 17:00:00,Fridge,130
2025-04-24 17:00:00,Washing machine,1324
2025-04-24 17:00:00,TV,146
2025-04-24 17:00:00,Laptop,39
2025-04-24 17:00:00,Heater,1944
2025-04-24 18:00:00,Fridge,164
2025-04-24 18:00:00,Washing machine,982
2025-04-24 18:00:00,TV,141
2025-04-24 18:00:00,Laptop,76
2025-04-24 18:00:00,Heater,1374
2025-04-24 19:00:00,Fridge,136
2025-04-24 19:00:00,Washing machine,722
2025-04-24 19:00:00,TV,278
2025-04-24 19:00:00,Laptop,52
2025-04-24 19:00:00,Heater,1737
2025-04-24 20:00:00,Fridge,108
2025-04-24 20:00:00,Washing machine,1491
2025-04-24 20:00:00,TV,121
2025-04-24 20:00:00,Laptop,59
2025-04-24 20:00:00,Heater,1757
2025-04-24 21:00:00,Fridge,184
2025-04-24 21:00:00,Washing machine,684
2025-04-24 21:00:00,TV,132
2025-04-24 21:00:00,Laptop,35
2025-04-24 21:00:00,Heater,1199
2025-04-24 22:00:00,Fridge,188
2025-04-24 22:00:00,Washing machine,927
2025-04-24 22:00:00,TV,156
2025-04-24 22:00:00,Laptop,32
2025-04-24 22:00:00,Heater,1331
2025-04-24 23:00:00,Fridge,171
2025-04-24 23:00:00,Washing machine,1047
2025-04-24 23:00:00,TV,206
2025-04-24 23:00:00,Laptop,30
2025-04-24 23:00:00,Heater,1815
2025-04-25 00:00:00,Fridge,100
2025-04-25 00:00:00,Washing machine,906
2025-04-25 00:00:00,TV,118
2025-04-25 00:00:00,Laptop,39
2025-04-25 00:00:00,Heater,1505
2025-04-25 01:00:00,Fridge,118
2025-04-25 01:00:00,Washing machine,1273
2025-04-25 01:00:00,TV,120
2025-04-25 01:00:00,Laptop,40
2025-04-25 01:00:00,Heater,1054
2025-04-25 02:00:00,Fridge,151
2025-04-25 02:00:00,Washing machine,1307
2025-04-25 02:00:00,TV,255
2025-04-25 02:00:00,Laptop,83
2025-04-25 02:00:00,Heater,1469
2025-04-25 03:00:00,Fridge,198
2025-04-25 03:00:00,Washing machine,1382
2025-04-25 03:00:00,TV,187
2025-04-25 03:00:00,Laptop,34
2025-04-25 03:00:00,Heater,1258
2025-04-25 04:00:00,Fridge,149
2025-04-25 04:00:00,Washing machine,757
2025-04-25 04:00:00,TV,134
2025-04-25 04:00:00,Laptop,66
2025-04-25 04:00:00,Heater,1538
2025-04-25 05:00:00,Fridge,118
2025-04-25 05:00:00,Washing machine,725
2025-04-25 05:00:00,TV,205
2025-04-25 05:00:00,Laptop,60
2025-04-25 05:00:00,Heater,1238
2025-04-25 06:00:00,Fridge,158
2025-04-25 06:00:00,Washing machine,1334
2025-04-25 06:00:00,TV,125
2025-04-25 06:00:00,Laptop,70
2025-04-25 06:00:00,Heater,1265
2025-04-25 07:00:00,Fridge,106
2025-04-25 07:00:00,Washing machine,827
2025-04-25 07:00:00,TV,198
2025-04-25 07:00:00,Laptop,55
2025-04-25 07:00:00,Heater,1179
2025-04-25 08:00:00,Fridge,123
2025-04-25 08:00:00,Washing machine,988
2025-04-25 08:00:00,TV,106
2025-04-25 08:00:00,Laptop,41
2025-04-25 08:00:00,Heater,1365
2025-04-25 09:00:00,Fridge,157
2025-04-25 09:00:00,Washing machine,1119
2025-04-25 09:00:00,TV,165
2025-04-25 09:00:00,Laptop,84
2025-04-25 09:00:00,Heater,1340
2025-04-25 10:00:00,Fridge,192
2025-04-25 10:00:00,Washing machine,751
2025-04-25 10:00:00,TV,197
2025-04-25 10:00:00,Laptop,71
2025-04-25 10:00:00,Heater,1120
2025-04-25 11:00:00,Fridge,121
2025-04-25 11:00:00,Washing machine,1172
2025-04-25 11:00:00,TV,138
2025-04-25 11:00:00,Laptop,89
2025-04-25 11:00:00,Heater,1637
2025-04-25 12:00:00,Fridge,186
2025-04-25 12:00:00,Washing machine,838
2025-04-25 12:00:00,TV,103
2025-04-25 12:00:00,Laptop,57
2025-04-25 12:00:00,Heater,1365
2025-04-25 13:00:00,Fridge,121
2025-04-25 13:00:00,Washing machine,1019
2025-04-25 13:00:00,TV,104
2025-04-25 13:00:00,Laptop,52
2025-04-25 13:00:00,Heater,1601
2025-04-25 14:00:00,Fridge,131
2025-04-25 14:00:00,Washing machine,665
2025-04-25 14:00:00,TV,135
2025-04-25 14:00:00,Laptop,52
2025-04-25 14:00:00,Heater,1049
2025-04-25 15:00:00,Fridge,165
2025-04-25 15:00:00,Washing machine,1328
2025-04-25 15:00:00,TV,272
2025-04-25 15:00:00,Laptop,49
2025-04-25 15:00:00,Heater,1220
2025-04-25 16:00:00,Fridge,190
2025-04-25 16:00:00,Washing machine,987
2025-04-25 16:00:00,TV,232
2025-04-25 16:00:00,Laptop,89
2025-04-25 16:00:00,Heater,1762
2025-04-25 17:00:00,Fridge,162
2025-04-25 17:00:00,Washing machine,781
2025-04-25 17:00:00,TV,182
2025-04-25 17:00:00,Laptop,66
2025-04-25 17:00:00,Heater,1129
2025-04-25 18:00:00,Fridge,168
2025-04-25 18:00:00,Washing machine,1371
2025-04-25 18:00:00,TV,227
2025-04-25 18:00:00,Laptop,34
2025-04-25 18:00:00,Heater,1086
2025-04-25 19:00:00,Fridge,151
2025-04-25 19:00:00,Washing machine,1374
2025-04-25 19:00:00,TV,160
2025-04-25 19:00:00,Laptop,82
2025-04-25 19:00:00,Heater,1740
2025-04-25 20:00:00,Fridge,162
2025-04-25 20:00:00,Washing machine,608
2025-04-25 20:00:00,TV,107
2025-04-25 20:00:00,Laptop,36
2025-04-25 20:00:00,Heater,1900
2025-04-25 21:00:00,Fridge,172
2025-04-25 21:00:00,Washing machine,1050
2025-04-25 21:00:00,TV,187
2025-04-25 21:00:00,Laptop,67
2025-04-25 21:00:00,Heater,1542
2025-04-25 22:00:00,Fridge,172
2025-04-25 22:00:00,Washing machine,1059
2025-04-25 22:00:00,TV,183
2025-04-25 22:00:00,Laptop,82
2025-04-25 22:00:00,Heater,1173
2025-04-25 23:00:00,Fridge,117
2025-04-25 23:00:00,Washing machine,1353
2025-04-25 23:00:00,TV,292
2025-04-25 23:00:00,Laptop,47
2025-04-25 23:00:00,Heater,1729
2025-04-26 00:00:00,Fridge,102
2025-04-26 00:00:00,Washing machine,1085
2025-04-26 00:00:00,TV,171
2025-04-26 00:00:00,Laptop,47
2025-04-26 00:00:00,Heater,1129
2025-04-26 01:00:00,Fridge,112
2025-04-26 01:00:00,Washing machine,1019
2025-04-26 01:00:00,TV,193
2025-04-26 01:00:00,Laptop,58
2025-04-26 01:00:00,Heater,1853
2025-04-26 02:00:00,Fridge,178
2025-04-26 02:00:00,Washing machine,990
2025-04-26 02:00:00,TV,175
2025-04-26 02:00:00,Laptop,68
2025-04-26 02:00:00,Heater,1171
2025-04-26 03:00:00,Fridge,115
2025-04-26 03:00:00,Washing machine,1011
2025-04-26 03:00:00,TV,207
2025-04-26 03:00:00,Laptop,76
2025-04-26 03:00:00,Heater,1922
2025-04-26 04:00:00,Fridge,169
2025-04-26 04:00:00,Washing machine,586
2025-04-26 04:00:00,TV,113
2025-04-26 04:00:00,Laptop,44
2025-04-26 04:00:00,Heater,1932
2025-04-26 05:00:00,Fridge,143
2025-04-26 05:00:00,Washing machine,529
2025-04-26 05:00:00,TV,168
2025-04-26 05:00:00,Laptop,69
2025-04-26 05:00:00,Heater,1730
2025-04-26 06:00:00,Fridge,156
2025-04-26 06:00:00,Washing machine,1223
2025-04-26 06:00:00,TV,269
2025-04-26 06:00:00,Laptop,45
2025-04-26 06:00:00,Heater,1911
2025-04-26 07:00:00,Fridge,147
2025-04-26 07:00:00,Washing machine,1122
2025-04-26 07:00:00,TV,170
2025-04-26 07:00:00,Laptop,53
2025-04-26 07:00:00,Heater,1879
2025-04-26 08:00:00,Fridge,151
2025-04-26 08:00:00,Washing machine,984
2025-04-26 08:00:00,TV,187
2025-04-26 08:00:00,Laptop,80
2025-04-26 08:00:00,Heater,1074
2025-04-26 09:00:00,Fridge,171
2025-04-26 09:00:00,Washing machine,922
2025-04-26 09:00:00,TV,272
2025-04-26 09:00:00,Laptop,81
2025-04-26 09:00:00,Heater,1836
2025-04-26 10:00:00,Fridge,101
2025-04-26 10:00:00,Washing machine,1181
2025-04-26 10:00:00,TV,212
2025-04-26 10:00:00,Laptop,56
2025-04-26 10:00:00,Heater,1131
2025-04-26 11:00:00,Fridge,137
2025-04-26 11:00:00,Washing machine,1322
2025-04-26 11:00:00,TV,246
2025-04-26 11:00:00,Laptop,67
2025-04-26 11:00:00,Heater,1183
2025-04-26 12:00:00,Fridge,172
2025-04-26 12:00:00,Washing machine,603
2025-04-26 12:00:00,TV,146
2025-04-26 12:00:00,Laptop,49
2025-04-26 12:00:00,Heater,1580
2025-04-26 13:00:00,Fridge,156
2025-04-26 13:00:00,Washing machine,813
2025-04-26 13:00:00,TV,173
2025-04-26 13:00:00,Laptop,30
2025-04-26 13:00:00,Heater,1532
2025-04-26 14:00:00,Fridge,165
2025-04-26 14:00:00,Washing machine,1420
2025-04-26 14:00:00,TV,240
2025-04-26 14:00:00,Laptop,31
2025-04-26 14:00:00,Heater,1412
2025-04-26 15:00:00,Fridge,119
2025-04-26 15:00:00,Washing machine,699
2025-04-26 15:00:00,TV,197
2025-04-26 15:00:00,Laptop,84
2025-04-26 15:00:00,Heater,1798
2025-04-26 16:00:00,Fridge,197
2025-04-26 16:00:00,Washing machine,1194
2025-04-26 16:00:00,TV,261
2025-04-26 16:00:00,Laptop,60
2025-04-26 16:00:00,Heater,1359
2025-04-26 17:00:00,Fridge,199
2025-04-26 17:00:00,Washing machine,676
2025-04-26 17:00:00,TV,265
2025-04-26 17:00:00,Laptop,72
2025-04-26 17:00:00,Heater,1388
2025-04-26 18:00:00,Fridge,109
2025-04-26 18:00:00,Washing machine,1494
2025-04-26 18:00:00,TV,225
2025-04-26 18:00:00,Laptop,50
2025-04-26 18:00:00,Heater,1421
2025-04-26 19:00:00,Fridge,104
2025-04-26 19:00:00,Washing machine,791
2025-04-26 19:00:00,TV,162
2025-04-26 19:00:00,Laptop,41
2025-04-26 19:00:00,Heater,1578
2025-04-26 20:00:00,Fridge,139
2025-04-26 20:00:00,Washing machine,519
2025-04-26 20:00:00,TV,133
2025-04-26 20:00:00,Laptop,42
2025-04-26 20:00:00,Heater,1631
2025-04-26 21:00:00,Fridge,163
2025-04-26 21:00:00,Washing machine,1266
2025-04-26 21:00:00,TV,148
2025-04-26 21:00:00,Laptop,81
2025-04-26 21:00:00,Heater,1095
2025-04-26 22:00:00,Fridge,186
2025-04-26 22:00:00,Washing machine,981
2025-04-26 22:00:00,TV,244
2025-04-26 22:00:00,Laptop,87
2025-04-26 22:00:00,Heater,1223
2025-04-26 23:00:00,Fridge,158
2025-04-26 23:00:00,Washing machine,1449
2025-04-26 23:00:00,TV,253
2025-04-26 23:00:00,Laptop,46
2025-04-26 23:00:00,Heater,1080
2025-04-27 00:00:00,Fridge,111
2025-04-27 00:00:00,Washing machine,1415
2025-04-27 00:00:00,TV,203
2025-04-27 00:00:00,Laptop,83
2025-04-27 00:00:00,Heater,1313
2025-04-27 01:00:00,Fridge,142
2025-04-27 01:00:00,Washing machine,840
2025-04-27 01:00:00,TV,201
2025-04-27 01:00:00,Laptop,44
2025-04-27 01:00:00,Heater,1137
2025-04-27 02:00:00,Fridge,155
2025-04-27 02:00:00,Washing machine,648
2025-04-27 02:00:00,TV,137
2025-04-27 02:00:00,Laptop,49
2025-04-27 02:00:00,Heater,1171
2025-04-27 03:00:00,Fridge,185
2025-04-27 03:00:00,Washing machine,688
2025-04-27 03:00:00,TV,113
2025-04-27 03:00:00,Laptop,64
2025-04-27 03:00:00,Heater,1085
2025-04-27 04:00:00,Fridge,187
2025-04-27 04:00:00,Washing machine,583
2025-04-27 04:00:00,TV,101
2025-04-27 04:00:00,Laptop,68
2025-04-27 04:00:00,Heater,1611
2025-04-27 05:00:00,Fridge,184
2025-04-27 05:00:00,Washing machine,1156
2025-04-27 05:00:00,TV,201
2025-04-27 05:00:00,Laptop,83
2025-04-27 05:00:00,Heater,1870
2025-04-27 06:00:00,Fridge,165
2025-04-27 06:00:00,Washing machine,592
2025-04-27 06:00:00,TV,191
2025-04-27 06:00:00,Laptop,31
2025-04-27 06:00:00,Heater,1258
2025-04-27 07:00:00,Fridge,189
2025-04-27 07:00:00,Washing machine,926
2025-04-27 07:00:00,TV,104
2025-04-27 07:00:00,Laptop,30
2025-04-27 07:00:00,Heater,1647
2025-04-27 08:00:00,Fridge,178
2025-04-27 08:00:00,Washing machine,757
2025-04-27 08:00:00,TV,100
2025-04-27 08:00:00,Laptop,61
2025-04-27 08:00:00,Heater,1639
2025-04-27 09:00:00,Fridge,184
2025-04-27 09:00:00,Washing machine,973
2025-04-27 09:00:00,TV,214
2025-04-27 09:00:00,Laptop,51
2025-04-27 09:00:00,Heater,1548
2025-04-27 10:00:00,Fridge,143
2025-04-27 10:00:00,Washing machine,1167
2025-04-27 10:00:00,TV,197
2025-04-27 10:00:00,Laptop,34
2025-04-27 10:00:00,Heater,1093
2025-04-27 11:00:00,Fridge,195
2025-04-27 11:00:00,Washing machine,1243
2025-04-27 11:00:00,TV,290
2025-04-27 11:00:00,Laptop,34
2025-04-27 11:00:00,Heater,1227
2025-04-27 12:00:00,Fridge,152
2025-04-27 12:00:00,Washing machine,1191
2025-04-27 12:00:00,TV,146
2025-04-27 12:00:00,Laptop,56
2025-04-27 12:00:00,Heater,1773
2025-04-27 13:00:00,Fridge,197
2025-04-27 13:00:00,Washing machine,1144
2025-04-27 13:00:00,TV,165
2025-04-27 13:00:00,Laptop,71
2025-04-27 13:00:00,Heater,1997
2025-04-27 14:00:00,Fridge,137
2025-04-27 14:00:00,Washing machine,930
2025-04-27 14:00:00,TV,115
2025-04-27 14:00:00,Laptop,32
2025-04-27 14:00:00,Heater,1946
2025-04-27 15:00:00,Fridge,195
2025-04-27 15:00:00,Washing machine,932
2025-04-27 15:00:00,TV,118
2025-04-27 15:00:00,Laptop,44
2025-04-27 15:00:00,Heater,1495
2025-04-27 16:00:00,Fridge,132
2025-04-27 16:00:00,Washing machine,839
2025-04-27 16:00:00,TV,252
2025-04-27 16:00:00,Laptop,62
2025-04-27 16:00:00,Heater,1465
2025-04-27 17:00:00,Fridge,179
2025-04-27 17:00:00,Washing machine,751
2025-04-27 17:00:00,TV,110
2025-04-27 17:00:00,Laptop,75
2025-04-27 17:00:00,Heater,1215
2025-04-27 18:00:00,Fridge,152
2025-04-27 18:00:00,Washing machine,1094
2025-04-27 18:00:00,TV,198
2025-04-27 18:00:00,Laptop,80
2025-04-27 18:00:00,Heater,1660
2025-04-27 19:00:00,Fridge,195
2025-04-27 19:00:00,Washing machine,1402
2025-04-27 19:00:00,TV,253
2025-04-27 19:00:00,Laptop,64
2025-04-27 19:00:00,Heater,1286
2025-04-27 20:00:00,Fridge,111
2025-04-27 20:00:00,Washing machine,550
2025-04-27 20:00:00,TV,119
2025-04-27 20:00:00,Laptop,30
2025-04-27 20:00:00,Heater,1503
2025-04-27 21:00:00,Fridge,175
2025-04-27 21:00:00,Washing machine,754
2025-04-27 21:00:00,TV,181
2025-04-27 21:00:00,Laptop,46
2025-04-27 21:00:00,Heater,1526
2025-04-27 22:00:00,Fridge,171
2025-04-27 22:00:00,Washing machine,1441
2025-04-27 22:00:00,TV,264
2025-04-27 22:00:00,Laptop,58
2025-04-27 22:00:00,Heater,1656
2025-04-27 23:00:00,Fridge,162
2025-04-27 23:00:00,Washing machine,1050
2025-04-27 23:00:00,TV,202
2025-04-27 23:00:00,Laptop,88
2025-04-27 23:00:00,Heater,1121
2025-04-28 00:00:00,Fridge,136
2025-04-28 00:00:00,Washing machine,1050
2025-04-28 00:00:00,TV,214
2025-04-28 00:00:00,Laptop,54
2025-04-28 00:00:00,Heater,1119
2025-04-28 01:00:00,Fridge,176
2025-04-28 01:00:00,Washing machine,550
2025-04-28 01:00:00,TV,101
2025-04-28 01:00:00,Laptop,58
2025-04-28 01:00:00,Heater,1550
2025-04-28 02:00:00,Fridge,120
2025-04-28 02:00:00,Washing machine,1422
2025-04-28 02:00:00,TV,151
2025-04-28 02:00:00,Laptop,82
2025-04-28 02:00:00,Heater,1202
2025-04-28 03:00:00,Fridge,118
2025-04-28 03:00:00,Washing machine,1008
2025-04-28 03:00:00,TV,110
2025-04-28 03:00:00,Laptop,69
2025-04-28 03:00:00,Heater,1574
2025-04-28 04:00:00,Fridge,143
2025-04-28 04:00:00,Washing machine,1474
2025-04-28 04:00:00,TV,159
2025-04-28 04:00:00,Laptop,68
2025-04-28 04:00:00,Heater,1163
2025-04-28 05:00:00,Fridge,165
2025-04-28 05:00:00,Washing machine,727
2025-04-28 05:00:00,TV,166
2025-04-28 05:00:00,Laptop,84
2025-04-28 05:00:00,Heater,1043
2025-04-28 06:00:00,Fridge,118
2025-04-28 06:00:00,Washing machine,1340
2025-04-28 06:00:00,TV,259
2025-04-28 06:00:00,Laptop,70
2025-04-28 06:00:00,Heater,1621
2025-04-28 07:00:00,Fridge,164
2025-04-28 07:00:00,Washing machine,508
2025-04-28 07:00:00,TV,131
2025-04-28 07:00:00,Laptop,88
2025-04-28 07:00:00,Heater,1005
2025-04-28 08:00:00,Fridge,185
2025-04-28 08:00:00,Washing machine,826
2025-04-28 08:00:00,TV,190
2025-04-28 08:00:00,Laptop,66
2025-04-28 08:00:00,Heater,1315
2025-04-28 09:00:00,Fridge,127
2025-04-28 09:00:00,Washing machine,1233
2025-04-28 09:00:00,TV,221
2025-04-28 09:00:00,Laptop,50
2025-04-28 09:00:00,Heater,1246
2025-04-28 10:00:00,Fridge,109
2025-04-28 10:00:00,Washing machine,595
2025-04-28 10:00:00,TV,292
2025-04-28 10:00:00,Laptop,50
2025-04-28 10:00:00,Heater,1046
2025-04-28 11:00:00,Fridge,164
2025-04-28 11:00:00,Washing machine,1046
2025-04-28 11:00:00,TV,108
2025-04-28 11:00:00,Laptop,36
2025-04-28 11:00:00,Heater,1213
2025-04-28 12:00:00,Fridge,114
2025-04-28 12:00:00,Washing machine,527
2025-04-28 12:00:00,TV,266
2025-04-28 12:00:00,Laptop,73
2025-04-28 12:00:00,Heater,1690
2025-04-28 13:00:00,Fridge,124
2025-04-28 13:00:00,Washing machine,873
2025-04-28 13:00:00,TV,137
2025-04-28 13:00:00,Laptop,50
2025-04-28 13:00:00,Heater,1868
2025-04-28 14:00:00,Fridge,194
2025-04-28 14:00:00,Washing machine,1461
2025-04-28 14:00:00,TV,297
2025-04-28 14:00:00,Laptop,63
2025-04-28 14:00:00,Heater,1264
2025-04-28 15:00:00,Fridge,105
2025-04-28 15:00:00,Washing machine,804
2025-04-28 15:00:00,TV,156
2025-04-28 15:00:00,Laptop,46
2025-04-28 15:00:00,Heater,1972
2025-04-28 16:00:00,Fridge,143
2025-04-28 16:00:00,Washing machine,1281
2025-04-28 16:00:00,TV,176
2025-04-28 16:00:00,Laptop,72
2025-04-28 16:00:00,Heater,1798
2025-04-28 17:00:00,Fridge,100
2025-04-28 17:00:00,Washing machine,1497
2025-04-28 17:00:00,TV,222
2025-04-28 17:00:00,Laptop,40
2025-04-28 17:00:00,Heater,1091
2025-04-28 18:00:00,Fridge,158
2025-04-28 18:00:00,Washing machine,743
2025-04-28 18:00:00,TV,248
2025-04-28 18:00:00,Laptop,39
2025-04-28 18:00:00,Heater,1346
2025-04-28 19:00:00,Fridge,111
2025-04-28 19:00:00,Washing machine,1107
2025-04-28 19:00:00,TV,174
2025-04-28 19:00:00,Laptop,42
2025-04-28 19:00:00,Heater,1498
2025-04-28 20:00:00,Fridge,114
2025-04-28 20:00:00,Washing machine,988
2025-04-28 20:00:00,TV,178
2025-04-28 20:00:00,Laptop,67
2025-04-28 20:00:00,Heater,1497
2025-04-28 21:00:00,Fridge,154
2025-04-28 21:00:00,Washing machine,1204
2025-04-28 21:00:00,TV,106
2025-04-28 21:00:00,Laptop,86
2025-04-28 21:00:00,Heater,1810
2025-04-28 22:00:00,Fridge,147
2025-04-28 22:00:00,Washing machine,1262
2025-04-28 22:00:00,TV,120
2025-04-28 22:00:00,Laptop,48
2025-04-28 22:00:00,Heater,1111
2025-04-28 23:00:00,Fridge,124
2025-04-28 23:00:00,Washing machine,1227
2025-04-28 23:00:00,TV,189
2025-04-28 23:00:00,Laptop,82
2025-04-28 23:00:00,Heater,1486
