Timestamp,Power_Consumption_Watt,Hour,Day,Weekday,Is_Weekend,Device_Fridge,Device_Heater,Device_Laptop,Device_TV,Device_Washing machine,Power_Normalized
2025-04-22 00:00:00,191,0,22,1,0,True,False,False,False,False,0.08185053380782918
2025-04-22 00:00:00,1260,0,22,1,0,False,False,False,False,True,0.6253177427554653
2025-04-22 00:00:00,232,0,22,1,0,False,False,False,True,False,0.1026944585663447
2025-04-22 00:00:00,37,0,22,1,0,False,False,True,False,False,0.003558718861209965
2025-04-22 00:00:00,1844,0,22,1,0,False,True,False,False,False,0.9222165734621252
2025-04-22 01:00:00,128,1,22,1,0,True,False,False,False,False,0.0498220640569395
2025-04-22 01:00:00,975,1,22,1,0,False,False,False,False,True,0.4804270462633452
2025-04-22 01:00:00,122,1,22,1,0,False,False,False,True,False,0.046771733604473814
2025-04-22 01:00:00,70,1,22,1,0,False,False,True,False,False,0.020335536349771227
2025-04-22 01:00:00,1172,1,22,1,0,False,True,False,False,False,0.5805795627859686
2025-04-22 02:00:00,108,2,22,1,0,True,False,False,False,False,0.03965429588205389
2025-04-22 02:00:00,664,2,22,1,0,False,False,False,False,True,0.3223182511438739
2025-04-22 02:00:00,247,2,22,1,0,False,False,False,True,False,0.1103202846975089
2025-04-22 02:00:00,75,2,22,1,0,False,False,True,False,False,0.022877478393492627
2025-04-22 02:00:00,1416,2,22,1,0,False,True,False,False,False,0.704626334519573
2025-04-22 03:00:00,133,3,22,1,0,True,False,False,False,False,0.05236400610066091
2025-04-22 03:00:00,588,3,22,1,0,False,False,False,False,True,0.28368073207930855
2025-04-22 03:00:00,290,3,22,1,0,False,False,False,True,False,0.13218098627351296
2025-04-22 03:00:00,42,3,22,1,0,False,False,True,False,False,0.0061006609049313685
2025-04-22 03:00:00,1819,3,22,1,0,False,True,False,False,False,0.909506863243518
2025-04-22 04:00:00,142,4,22,1,0,True,False,False,False,False,0.056939501779359435
2025-04-22 04:00:00,765,4,22,1,0,False,False,False,False,True,0.3736654804270462
2025-04-22 04:00:00,105,4,22,1,0,False,False,False,True,False,0.03812913065582105
2025-04-22 04:00:00,51,4,22,1,0,False,False,True,False,False,0.010676156583629895
2025-04-22 04:00:00,1294,4,22,1,0,False,True,False,False,False,0.6426029486527708
2025-04-22 05:00:00,150,5,22,1,0,True,False,False,False,False,0.061006609049313675
2025-04-22 05:00:00,1107,5,22,1,0,False,False,False,False,True,0.5475343162175903
2025-04-22 05:00:00,162,5,22,1,0,False,False,False,True,False,0.06710726995424506
2025-04-22 05:00:00,57,5,22,1,0,False,False,True,False,False,0.013726487036095579
2025-04-22 05:00:00,1303,5,22,1,0,False,True,False,False,False,0.6471784443314693
2025-04-22 06:00:00,105,6,22,1,0,True,False,False,False,False,0.03812913065582105
2025-04-22 06:00:00,841,6,22,1,0,False,False,False,False,True,0.4123029994916116
2025-04-22 06:00:00,170,6,22,1,0,False,False,False,True,False,0.0711743772241993
2025-04-22 06:00:00,31,6,22,1,0,False,False,True,False,False,0.0005083884087442817
2025-04-22 06:00:00,1717,6,22,1,0,False,True,False,False,False,0.8576512455516014
2025-04-22 07:00:00,123,7,22,1,0,True,False,False,False,False,0.047280122013218094
2025-04-22 07:00:00,860,7,22,1,0,False,False,False,False,True,0.42196237925775293
2025-04-22 07:00:00,250,7,22,1,0,False,False,False,True,False,0.11184544992374174
2025-04-22 07:00:00,54,7,22,1,0,False,False,True,False,False,0.012201321809862735
2025-04-22 07:00:00,1970,7,22,1,0,False,True,False,False,False,0.9862735129639045
2025-04-22 08:00:00,152,8,22,1,0,True,False,False,False,False,0.062023385866802234
2025-04-22 08:00:00,593,8,22,1,0,False,False,False,False,True,0.28622267412303
2025-04-22 08:00:00,203,8,22,1,0,False,False,False,True,False,0.08795119471276056
2025-04-22 08:00:00,68,8,22,1,0,False,False,True,False,False,0.01931875953228266
2025-04-22 08:00:00,1866,8,22,1,0,False,True,False,False,False,0.9334011184544992
2025-04-22 09:00:00,134,9,22,1,0,True,False,False,False,False,0.05287239450940518
2025-04-22 09:00:00,759,9,22,1,0,False,False,False,False,True,0.37061514997458056
2025-04-22 09:00:00,203,9,22,1,0,False,False,False,True,False,0.08795119471276056
2025-04-22 09:00:00,53,9,22,1,0,False,False,True,False,False,0.011692933401118455
2025-04-22 09:00:00,1229,9,22,1,0,False,True,False,False,False,0.6095577020843925
2025-04-22 10:00:00,186,10,22,1,0,True,False,False,False,False,0.07930859176410779
2025-04-22 10:00:00,1390,10,22,1,0,False,False,False,False,True,0.6914082358922217
2025-04-22 10:00:00,227,10,22,1,0,False,False,False,True,False,0.10015251652262329
2025-04-22 10:00:00,58,10,22,1,0,False,False,True,False,False,0.014234875444839859
2025-04-22 10:00:00,1031,10,22,1,0,False,True,False,False,False,0.5088967971530249
2025-04-22 11:00:00,153,11,22,1,0,True,False,False,False,False,0.06253177427554653
2025-04-22 11:00:00,839,11,22,1,0,False,False,False,False,True,0.411286222674123
2025-04-22 11:00:00,114,11,22,1,0,False,False,False,True,False,0.042704626334519574
2025-04-22 11:00:00,36,11,22,1,0,False,False,True,False,False,0.003050330452465685
2025-04-22 11:00:00,1471,11,22,1,0,False,True,False,False,False,0.7325876970005084
2025-04-22 12:00:00,196,12,22,1,0,True,False,False,False,False,0.08439247585155059
2025-04-22 12:00:00,740,12,22,1,0,False,False,False,False,True,0.3609557702084392
2025-04-22 12:00:00,242,12,22,1,0,False,False,False,True,False,0.1077783426537875
2025-04-22 12:00:00,85,12,22,1,0,False,False,True,False,False,0.027961362480935434
2025-04-22 12:00:00,1832,12,22,1,0,False,True,False,False,False,0.9161159125571937
2025-04-22 13:00:00,198,13,22,1,0,True,False,False,False,False,0.08540925266903915
2025-04-22 13:00:00,777,13,22,1,0,False,False,False,False,True,0.3797661413319776
2025-04-22 13:00:00,279,13,22,1,0,False,False,False,True,False,0.1265887137773259
2025-04-22 13:00:00,85,13,22,1,0,False,False,True,False,False,0.027961362480935434
2025-04-22 13:00:00,1068,13,22,1,0,False,True,False,False,False,0.5277071682765634
2025-04-22 14:00:00,140,14,22,1,0,True,False,False,False,False,0.055922724961870875
2025-04-22 14:00:00,704,14,22,1,0,False,False,False,False,True,0.3426537874936451
2025-04-22 14:00:00,160,14,22,1,0,False,False,False,True,False,0.0660904931367565
2025-04-22 14:00:00,60,14,22,1,0,False,False,True,False,False,0.015251652262328419
2025-04-22 14:00:00,1389,14,22,1,0,False,True,False,False,False,0.6908998474834774
2025-04-22 15:00:00,123,15,22,1,0,True,False,False,False,False,0.047280122013218094
2025-04-22 15:00:00,769,15,22,1,0,False,False,False,False,True,0.3756990340620234
2025-04-22 15:00:00,139,15,22,1,0,False,False,False,True,False,0.05541433655312659
2025-04-22 15:00:00,80,15,22,1,0,False,False,True,False,False,0.025419420437214034
2025-04-22 15:00:00,1453,15,22,1,0,False,True,False,False,False,0.7234367056431114
2025-04-22 16:00:00,191,16,22,1,0,True,False,False,False,False,0.08185053380782918
2025-04-22 16:00:00,1306,16,22,1,0,False,False,False,False,True,0.6487036095577021
2025-04-22 16:00:00,241,16,22,1,0,False,False,False,True,False,0.10726995424504322
2025-04-22 16:00:00,35,16,22,1,0,False,False,True,False,False,0.002541942043721405
2025-04-22 16:00:00,1665,16,22,1,0,False,True,False,False,False,0.8312150482968989
2025-04-22 17:00:00,108,17,22,1,0,True,False,False,False,False,0.03965429588205389
2025-04-22 17:00:00,1388,17,22,1,0,False,False,False,False,True,0.6903914590747331
2025-04-22 17:00:00,249,17,22,1,0,False,False,False,True,False,0.11133706151499748
2025-04-22 17:00:00,75,17,22,1,0,False,False,True,False,False,0.022877478393492627
2025-04-22 17:00:00,1732,17,22,1,0,False,True,False,False,False,0.8652770716827657
2025-04-22 18:00:00,166,18,22,1,0,True,False,False,False,False,0.06914082358922218
2025-04-22 18:00:00,1003,18,22,1,0,False,False,False,False,True,0.49466192170818507
2025-04-22 18:00:00,156,18,22,1,0,False,False,False,True,False,0.06405693950177936
2025-04-22 18:00:00,37,18,22,1,0,False,False,True,False,False,0.003558718861209965
2025-04-22 18:00:00,1533,18,22,1,0,False,True,False,False,False,0.7641077783426539
2025-04-22 19:00:00,115,19,22,1,0,True,False,False,False,False,0.043213014743263854
2025-04-22 19:00:00,1307,19,22,1,0,False,False,False,False,True,0.6492119979664464
2025-04-22 19:00:00,114,19,22,1,0,False,False,False,True,False,0.042704626334519574
2025-04-22 19:00:00,32,19,22,1,0,False,False,True,False,False,0.0010167768174885617
2025-04-22 19:00:00,1109,19,22,1,0,False,True,False,False,False,0.5485510930350789
2025-04-22 20:00:00,103,20,22,1,0,True,False,False,False,False,0.03711235383833249
2025-04-22 20:00:00,720,20,22,1,0,False,False,False,False,True,0.3507880020335536
2025-04-22 20:00:00,196,20,22,1,0,False,False,False,True,False,0.08439247585155059
2025-04-22 20:00:00,55,20,22,1,0,False,False,True,False,False,0.012709710218607015
2025-04-22 20:00:00,1679,20,22,1,0,False,True,False,False,False,0.8383324860193188
2025-04-22 21:00:00,185,21,22,1,0,True,False,False,False,False,0.0788002033553635
2025-04-22 21:00:00,661,21,22,1,0,False,False,False,False,True,0.32079308591764105
2025-04-22 21:00:00,291,21,22,1,0,False,False,False,True,False,0.13268937468225725
2025-04-22 21:00:00,59,21,22,1,0,False,False,True,False,False,0.014743263853584139
2025-04-22 21:00:00,1180,21,22,1,0,False,True,False,False,False,0.5846466700559227
2025-04-22 22:00:00,171,22,22,1,0,True,False,False,False,False,0.07168276563294358
2025-04-22 22:00:00,1055,22,22,1,0,False,False,False,False,True,0.5210981189628877
2025-04-22 22:00:00,120,22,22,1,0,False,False,False,True,False,0.045754956786985254
2025-04-22 22:00:00,38,22,22,1,0,False,False,True,False,False,0.004067107269954245
2025-04-22 22:00:00,1501,22,22,1,0,False,True,False,False,False,0.7478393492628368
2025-04-22 23:00:00,102,23,22,1,0,True,False,False,False,False,0.03660396542958821
2025-04-22 23:00:00,716,23,22,1,0,False,False,False,False,True,0.3487544483985765
2025-04-22 23:00:00,225,23,22,1,0,False,False,False,True,False,0.09913573970513473
2025-04-22 23:00:00,77,23,22,1,0,False,False,True,False,False,0.023894255210981187
2025-04-22 23:00:00,1272,23,22,1,0,False,True,False,False,False,0.6314184036603966
2025-04-23 00:00:00,163,0,23,2,0,True,False,False,False,False,0.06761565836298933
2025-04-23 00:00:00,516,0,23,2,0,False,False,False,False,True,0.24707676664972042
2025-04-23 00:00:00,235,0,23,2,0,False,False,False,True,False,0.10421962379257754
2025-04-23 00:00:00,85,0,23,2,0,False,False,True,False,False,0.027961362480935434
2025-04-23 00:00:00,1478,0,23,2,0,False,True,False,False,False,0.7361464158617184
2025-04-23 01:00:00,168,1,23,2,0,True,False,False,False,False,0.07015760040671074
2025-04-23 01:00:00,1024,1,23,2,0,False,False,False,False,True,0.505338078291815
2025-04-23 01:00:00,251,1,23,2,0,False,False,False,True,False,0.11235383833248602
2025-04-23 01:00:00,42,1,23,2,0,False,False,True,False,False,0.0061006609049313685
2025-04-23 01:00:00,1465,1,23,2,0,False,True,False,False,False,0.7295373665480428
2025-04-23 02:00:00,197,2,23,2,0,True,False,False,False,False,0.08490086426029488
2025-04-23 02:00:00,687,2,23,2,0,False,False,False,False,True,0.33401118454499235
2025-04-23 02:00:00,106,2,23,2,0,False,False,False,True,False,0.03863751906456533
2025-04-23 02:00:00,45,2,23,2,0,False,False,True,False,False,0.0076258261311642084
2025-04-23 02:00:00,1328,2,23,2,0,False,True,False,False,False,0.6598881545500763
2025-04-23 03:00:00,117,3,23,2,0,True,False,False,False,False,0.044229791560752414
2025-04-23 03:00:00,690,3,23,2,0,False,False,False,False,True,0.3355363497712252
2025-04-23 03:00:00,194,3,23,2,0,False,False,False,True,False,0.08337569903406203
2025-04-23 03:00:00,45,3,23,2,0,False,False,True,False,False,0.0076258261311642084
2025-04-23 03:00:00,1979,3,23,2,0,False,True,False,False,False,0.9908490086426031
2025-04-23 04:00:00,131,4,23,2,0,True,False,False,False,False,0.05134722928317235
2025-04-23 04:00:00,678,4,23,2,0,False,False,False,False,True,0.3294356888662938
2025-04-23 04:00:00,169,4,23,2,0,False,False,False,True,False,0.07066598881545501
2025-04-23 04:00:00,76,4,23,2,0,False,False,True,False,False,0.023385866802236907
2025-04-23 04:00:00,1306,4,23,2,0,False,True,False,False,False,0.6487036095577021
2025-04-23 05:00:00,154,5,23,2,0,True,False,False,False,False,0.0630401626842908
2025-04-23 05:00:00,604,5,23,2,0,False,False,False,False,True,0.2918149466192171
2025-04-23 05:00:00,147,5,23,2,0,False,False,False,True,False,0.05948144382308083
2025-04-23 05:00:00,63,5,23,2,0,False,False,True,False,False,0.01677681748856126
2025-04-23 05:00:00,1142,5,23,2,0,False,True,False,False,False,0.5653279105236401
2025-04-23 06:00:00,136,6,23,2,0,True,False,False,False,False,0.05388917132689374
2025-04-23 06:00:00,1338,6,23,2,0,False,False,False,False,True,0.6649720386375191
2025-04-23 06:00:00,103,6,23,2,0,False,False,False,True,False,0.03711235383833249
2025-04-23 06:00:00,58,6,23,2,0,False,False,True,False,False,0.014234875444839859
2025-04-23 06:00:00,1039,6,23,2,0,False,True,False,False,False,0.5129639044229792
2025-04-23 07:00:00,151,7,23,2,0,True,False,False,False,False,0.06151499745805796
2025-04-23 07:00:00,1429,7,23,2,0,False,False,False,False,True,0.7112353838332487
2025-04-23 07:00:00,220,7,23,2,0,False,False,False,True,False,0.09659379766141332
2025-04-23 07:00:00,54,7,23,2,0,False,False,True,False,False,0.012201321809862735
2025-04-23 07:00:00,1114,7,23,2,0,False,True,False,False,False,0.5510930350788003
2025-04-23 08:00:00,149,8,23,2,0,True,False,False,False,False,0.06049822064056939
2025-04-23 08:00:00,983,8,23,2,0,False,False,False,False,True,0.48449415353329944
2025-04-23 08:00:00,251,8,23,2,0,False,False,False,True,False,0.11235383833248602
2025-04-23 08:00:00,51,8,23,2,0,False,False,True,False,False,0.010676156583629895
2025-04-23 08:00:00,1944,8,23,2,0,False,True,False,False,False,0.9730554143365532
2025-04-23 09:00:00,119,9,23,2,0,True,False,False,False,False,0.045246568378240974
2025-04-23 09:00:00,1040,9,23,2,0,False,False,False,False,True,0.5134722928317235
2025-04-23 09:00:00,237,9,23,2,0,False,False,False,True,False,0.1052364006100661
2025-04-23 09:00:00,63,9,23,2,0,False,False,True,False,False,0.01677681748856126
2025-04-23 09:00:00,1321,9,23,2,0,False,True,False,False,False,0.6563294356888664
2025-04-23 10:00:00,117,10,23,2,0,True,False,False,False,False,0.044229791560752414
2025-04-23 10:00:00,708,10,23,2,0,False,False,False,False,True,0.34468734112862226
2025-04-23 10:00:00,218,10,23,2,0,False,False,False,True,False,0.09557702084392476
2025-04-23 10:00:00,85,10,23,2,0,False,False,True,False,False,0.027961362480935434
2025-04-23 10:00:00,1966,10,23,2,0,False,True,False,False,False,0.9842399593289274
2025-04-23 11:00:00,105,11,23,2,0,True,False,False,False,False,0.03812913065582105
2025-04-23 11:00:00,1380,11,23,2,0,False,False,False,False,True,0.6863243518047789
2025-04-23 11:00:00,240,11,23,2,0,False,False,False,True,False,0.10676156583629894
2025-04-23 11:00:00,74,11,23,2,0,False,False,True,False,False,0.022369089984748347
2025-04-23 11:00:00,1516,11,23,2,0,False,True,False,False,False,0.755465175394001
2025-04-23 12:00:00,191,12,23,2,0,True,False,False,False,False,0.08185053380782918
2025-04-23 12:00:00,1484,12,23,2,0,False,False,False,False,True,0.7391967463141841
2025-04-23 12:00:00,184,12,23,2,0,False,False,False,True,False,0.07829181494661923
2025-04-23 12:00:00,42,12,23,2,0,False,False,True,False,False,0.0061006609049313685
2025-04-23 12:00:00,1540,12,23,2,0,False,True,False,False,False,0.7676664972038638
2025-04-23 13:00:00,152,13,23,2,0,True,False,False,False,False,0.062023385866802234
2025-04-23 13:00:00,1361,13,23,2,0,False,False,False,False,True,0.6766649720386375
2025-04-23 13:00:00,224,13,23,2,0,False,False,False,True,False,0.09862735129639044
2025-04-23 13:00:00,87,13,23,2,0,False,False,True,False,False,0.028978139298423994
2025-04-23 13:00:00,1344,13,23,2,0,False,True,False,False,False,0.6680223690899848
2025-04-23 14:00:00,100,14,23,2,0,True,False,False,False,False,0.03558718861209964
2025-04-23 14:00:00,971,14,23,2,0,False,False,False,False,True,0.47839349262836806
2025-04-23 14:00:00,192,14,23,2,0,False,False,False,True,False,0.08235892221657347
2025-04-23 14:00:00,55,14,23,2,0,False,False,True,False,False,0.012709710218607015
2025-04-23 14:00:00,1680,14,23,2,0,False,True,False,False,False,0.8388408744280631
2025-04-23 15:00:00,147,15,23,2,0,True,False,False,False,False,0.05948144382308083
2025-04-23 15:00:00,1469,15,23,2,0,False,False,False,False,True,0.7315709201830198
2025-04-23 15:00:00,237,15,23,2,0,False,False,False,True,False,0.1052364006100661
2025-04-23 15:00:00,39,15,23,2,0,False,False,True,False,False,0.004575495678698525
2025-04-23 15:00:00,1040,15,23,2,0,False,True,False,False,False,0.5134722928317235
2025-04-23 16:00:00,134,16,23,2,0,True,False,False,False,False,0.05287239450940518
2025-04-23 16:00:00,1089,16,23,2,0,False,False,False,False,True,0.5383833248601932
2025-04-23 16:00:00,151,16,23,2,0,False,False,False,True,False,0.06151499745805796
2025-04-23 16:00:00,58,16,23,2,0,False,False,True,False,False,0.014234875444839859
2025-04-23 16:00:00,1294,16,23,2,0,False,True,False,False,False,0.6426029486527708
2025-04-23 17:00:00,124,17,23,2,0,True,False,False,False,False,0.04778851042196238
2025-04-23 17:00:00,938,17,23,2,0,False,False,False,False,True,0.4616166751398068
2025-04-23 17:00:00,111,17,23,2,0,False,False,False,True,False,0.04117946110828673
2025-04-23 17:00:00,71,17,23,2,0,False,False,True,False,False,0.020843924758515507
2025-04-23 17:00:00,1395,17,23,2,0,False,True,False,False,False,0.693950177935943
2025-04-23 18:00:00,164,18,23,2,0,True,False,False,False,False,0.06812404677173362
2025-04-23 18:00:00,1445,18,23,2,0,False,False,False,False,True,0.7193695983731572
2025-04-23 18:00:00,209,18,23,2,0,False,False,False,True,False,0.09100152516522624
2025-04-23 18:00:00,75,18,23,2,0,False,False,True,False,False,0.022877478393492627
2025-04-23 18:00:00,1104,18,23,2,0,False,True,False,False,False,0.5460091509913574
2025-04-23 19:00:00,192,19,23,2,0,True,False,False,False,False,0.08235892221657347
2025-04-23 19:00:00,1038,19,23,2,0,False,False,False,False,True,0.5124555160142349
2025-04-23 19:00:00,128,19,23,2,0,False,False,False,True,False,0.0498220640569395
2025-04-23 19:00:00,59,19,23,2,0,False,False,True,False,False,0.014743263853584139
2025-04-23 19:00:00,1287,19,23,2,0,False,True,False,False,False,0.6390442297915608
2025-04-23 20:00:00,109,20,23,2,0,True,False,False,False,False,0.04016268429079817
2025-04-23 20:00:00,847,20,23,2,0,False,False,False,False,True,0.41535332994407725
2025-04-23 20:00:00,295,20,23,2,0,False,False,False,True,False,0.13472292831723437
2025-04-23 20:00:00,61,20,23,2,0,False,False,True,False,False,0.0157600406710727
2025-04-23 20:00:00,1659,20,23,2,0,False,True,False,False,False,0.8281647178444332
2025-04-23 21:00:00,158,21,23,2,0,True,False,False,False,False,0.06507371631926792
2025-04-23 21:00:00,672,21,23,2,0,False,False,False,False,True,0.32638535841382815
2025-04-23 21:00:00,208,21,23,2,0,False,False,False,True,False,0.09049313675648196
2025-04-23 21:00:00,48,21,23,2,0,False,False,True,False,False,0.009150991357397052
2025-04-23 21:00:00,1286,21,23,2,0,False,True,False,False,False,0.6385358413828165
2025-04-23 22:00:00,161,22,23,2,0,True,False,False,False,False,0.06659888154550077
2025-04-23 22:00:00,1030,22,23,2,0,False,False,False,False,True,0.5083884087442807
2025-04-23 22:00:00,294,22,23,2,0,False,False,False,True,False,0.13421453990849008
2025-04-23 22:00:00,80,22,23,2,0,False,False,True,False,False,0.025419420437214034
2025-04-23 22:00:00,1595,22,23,2,0,False,True,False,False,False,0.7956278596847992
2025-04-23 23:00:00,149,23,23,2,0,True,False,False,False,False,0.06049822064056939
2025-04-23 23:00:00,598,23,23,2,0,False,False,False,False,True,0.28876461616675136
2025-04-23 23:00:00,236,23,23,2,0,False,False,False,True,False,0.10472801220132182
2025-04-23 23:00:00,77,23,23,2,0,False,False,True,False,False,0.023894255210981187
2025-04-23 23:00:00,1808,23,23,2,0,False,True,False,False,False,0.903914590747331
2025-04-24 00:00:00,150,0,24,3,0,True,False,False,False,False,0.061006609049313675
2025-04-24 00:00:00,1199,0,24,3,0,False,False,False,False,True,0.5943060498220641
2025-04-24 00:00:00,130,0,24,3,0,False,False,False,True,False,0.05083884087442806
2025-04-24 00:00:00,51,0,24,3,0,False,False,True,False,False,0.010676156583629895
2025-04-24 00:00:00,1974,0,24,3,0,False,True,False,False,False,0.9883070665988817
2025-04-24 01:00:00,193,1,24,3,0,True,False,False,False,False,0.08286731062531776
2025-04-24 01:00:00,648,1,24,3,0,False,False,False,False,True,0.31418403660396543
2025-04-24 01:00:00,236,1,24,3,0,False,False,False,True,False,0.10472801220132182
2025-04-24 01:00:00,85,1,24,3,0,False,False,True,False,False,0.027961362480935434
2025-04-24 01:00:00,1228,1,24,3,0,False,True,False,False,False,0.6090493136756482
2025-04-24 02:00:00,134,2,24,3,0,True,False,False,False,False,0.05287239450940518
2025-04-24 02:00:00,1268,2,24,3,0,False,False,False,False,True,0.6293848500254194
2025-04-24 02:00:00,128,2,24,3,0,False,False,False,True,False,0.0498220640569395
2025-04-24 02:00:00,31,2,24,3,0,False,False,True,False,False,0.0005083884087442817
2025-04-24 02:00:00,1863,2,24,3,0,False,True,False,False,False,0.9318759532282664
2025-04-24 03:00:00,169,3,24,3,0,True,False,False,False,False,0.07066598881545501
2025-04-24 03:00:00,1294,3,24,3,0,False,False,False,False,True,0.6426029486527708
2025-04-24 03:00:00,205,3,24,3,0,False,False,False,True,False,0.08896797153024912
2025-04-24 03:00:00,47,3,24,3,0,False,False,True,False,False,0.008642602948652772
2025-04-24 03:00:00,1879,3,24,3,0,False,True,False,False,False,0.9400101677681749
2025-04-24 04:00:00,196,4,24,3,0,True,False,False,False,False,0.08439247585155059
2025-04-24 04:00:00,1168,4,24,3,0,False,False,False,False,True,0.5785460091509914
2025-04-24 04:00:00,293,4,24,3,0,False,False,False,True,False,0.13370615149974582
2025-04-24 04:00:00,81,4,24,3,0,False,False,True,False,False,0.025927808845958314
2025-04-24 04:00:00,1779,4,24,3,0,False,True,False,False,False,0.8891713268937469
2025-04-24 05:00:00,168,5,24,3,0,True,False,False,False,False,0.07015760040671074
2025-04-24 05:00:00,1395,5,24,3,0,False,False,False,False,True,0.693950177935943
2025-04-24 05:00:00,186,5,24,3,0,False,False,False,True,False,0.07930859176410779
2025-04-24 05:00:00,82,5,24,3,0,False,False,True,False,False,0.026436197254702594
2025-04-24 05:00:00,1056,5,24,3,0,False,True,False,False,False,0.5216065073716319
2025-04-24 06:00:00,160,6,24,3,0,True,False,False,False,False,0.0660904931367565
2025-04-24 06:00:00,942,6,24,3,0,False,False,False,False,True,0.4636502287747839
2025-04-24 06:00:00,164,6,24,3,0,False,False,False,True,False,0.06812404677173362
2025-04-24 06:00:00,83,6,24,3,0,False,False,True,False,False,0.026944585663446874
2025-04-24 06:00:00,1418,6,24,3,0,False,True,False,False,False,0.7056431113370616
2025-04-24 07:00:00,160,7,24,3,0,True,False,False,False,False,0.0660904931367565
2025-04-24 07:00:00,543,7,24,3,0,False,False,False,False,True,0.2608032536858159
2025-04-24 07:00:00,221,7,24,3,0,False,False,False,True,False,0.09710218607015761
2025-04-24 07:00:00,33,7,24,3,0,False,False,True,False,False,0.0015251652262328417
2025-04-24 07:00:00,1311,7,24,3,0,False,True,False,False,False,0.6512455516014235
2025-04-24 08:00:00,129,8,24,3,0,True,False,False,False,False,0.05033045246568379
2025-04-24 08:00:00,971,8,24,3,0,False,False,False,False,True,0.47839349262836806
2025-04-24 08:00:00,172,8,24,3,0,False,False,False,True,False,0.07219115404168785
2025-04-24 08:00:00,87,8,24,3,0,False,False,True,False,False,0.028978139298423994
2025-04-24 08:00:00,1250,8,24,3,0,False,True,False,False,False,0.6202338586680224
2025-04-24 09:00:00,101,9,24,3,0,True,False,False,False,False,0.03609557702084392
2025-04-24 09:00:00,739,9,24,3,0,False,False,False,False,True,0.36044738179969493
2025-04-24 09:00:00,233,9,24,3,0,False,False,False,True,False,0.10320284697508897
2025-04-24 09:00:00,85,9,24,3,0,False,False,True,False,False,0.027961362480935434
2025-04-24 09:00:00,1929,9,24,3,0,False,True,False,False,False,0.9654295882053889
2025-04-24 10:00:00,197,10,24,3,0,True,False,False,False,False,0.08490086426029488
2025-04-24 10:00:00,1199,10,24,3,0,False,False,False,False,True,0.5943060498220641
2025-04-24 10:00:00,157,10,24,3,0,False,False,False,True,False,0.06456532791052365
2025-04-24 10:00:00,68,10,24,3,0,False,False,True,False,False,0.01931875953228266
2025-04-24 10:00:00,1220,10,24,3,0,False,True,False,False,False,0.604982206405694
2025-04-24 11:00:00,155,11,24,3,0,True,False,False,False,False,0.06354855109303509
2025-04-24 11:00:00,509,11,24,3,0,False,False,False,False,True,0.2435180477885104
2025-04-24 11:00:00,124,11,24,3,0,False,False,False,True,False,0.04778851042196238
2025-04-24 11:00:00,33,11,24,3,0,False,False,True,False,False,0.0015251652262328417
2025-04-24 11:00:00,1954,11,24,3,0,False,True,False,False,False,0.9781392984239959
2025-04-24 12:00:00,120,12,24,3,0,True,False,False,False,False,0.045754956786985254
2025-04-24 12:00:00,1481,12,24,3,0,False,False,False,False,True,0.7376715810879513
2025-04-24 12:00:00,156,12,24,3,0,False,False,False,True,False,0.06405693950177936
2025-04-24 12:00:00,56,12,24,3,0,False,False,True,False,False,0.013218098627351295
2025-04-24 12:00:00,1611,12,24,3,0,False,True,False,False,False,0.8037620742247077
2025-04-24 13:00:00,143,13,24,3,0,True,False,False,False,False,0.05744789018810371
2025-04-24 13:00:00,740,13,24,3,0,False,False,False,False,True,0.3609557702084392
2025-04-24 13:00:00,251,13,24,3,0,False,False,False,True,False,0.11235383833248602
2025-04-24 13:00:00,33,13,24,3,0,False,False,True,False,False,0.0015251652262328417
2025-04-24 13:00:00,1680,13,24,3,0,False,True,False,False,False,0.8388408744280631
2025-04-24 14:00:00,122,14,24,3,0,True,False,False,False,False,0.046771733604473814
2025-04-24 14:00:00,587,14,24,3,0,False,False,False,False,True,0.2831723436705643
2025-04-24 14:00:00,161,14,24,3,0,False,False,False,True,False,0.06659888154550077
2025-04-24 14:00:00,87,14,24,3,0,False,False,True,False,False,0.028978139298423994
2025-04-24 14:00:00,1856,14,24,3,0,False,True,False,False,False,0.9283172343670565
2025-04-24 15:00:00,134,15,24,3,0,True,False,False,False,False,0.05287239450940518
2025-04-24 15:00:00,1279,15,24,3,0,False,False,False,False,True,0.6349771225216065
2025-04-24 15:00:00,209,15,24,3,0,False,False,False,True,False,0.09100152516522624
2025-04-24 15:00:00,51,15,24,3,0,False,False,True,False,False,0.010676156583629895
2025-04-24 15:00:00,1747,15,24,3,0,False,True,False,False,False,0.8729028978139299
2025-04-24 16:00:00,173,16,24,3,0,True,False,False,False,False,0.07269954245043214
2025-04-24 16:00:00,616,16,24,3,0,False,False,False,False,True,0.2979156075241484
2025-04-24 16:00:00,267,16,24,3,0,False,False,False,True,False,0.12048805287239453
2025-04-24 16:00:00,49,16,24,3,0,False,False,True,False,False,0.009659379766141332
2025-04-24 16:00:00,1377,16,24,3,0,False,True,False,False,False,0.6847991865785461
2025-04-24 17:00:00,130,17,24,3,0,True,False,False,False,False,0.05083884087442806
2025-04-24 17:00:00,1324,17,24,3,0,False,False,False,False,True,0.6578546009150992
2025-04-24 17:00:00,146,17,24,3,0,False,False,False,True,False,0.058973055414336555
2025-04-24 17:00:00,39,17,24,3,0,False,False,True,False,False,0.004575495678698525
2025-04-24 17:00:00,1944,17,24,3,0,False,True,False,False,False,0.9730554143365532
2025-04-24 18:00:00,164,18,24,3,0,True,False,False,False,False,0.06812404677173362
2025-04-24 18:00:00,982,18,24,3,0,False,False,False,False,True,0.48398576512455516
2025-04-24 18:00:00,141,18,24,3,0,False,False,False,True,False,0.05643111337061515
2025-04-24 18:00:00,76,18,24,3,0,False,False,True,False,False,0.023385866802236907
2025-04-24 18:00:00,1374,18,24,3,0,False,True,False,False,False,0.6832740213523132
2025-04-24 19:00:00,136,19,24,3,0,True,False,False,False,False,0.05388917132689374
2025-04-24 19:00:00,722,19,24,3,0,False,False,False,False,True,0.35180477885104217
2025-04-24 19:00:00,278,19,24,3,0,False,False,False,True,False,0.1260803253685816
2025-04-24 19:00:00,52,19,24,3,0,False,False,True,False,False,0.011184544992374175
2025-04-24 19:00:00,1737,19,24,3,0,False,True,False,False,False,0.8678190137264871
2025-04-24 20:00:00,108,20,24,3,0,True,False,False,False,False,0.03965429588205389
2025-04-24 20:00:00,1491,20,24,3,0,False,False,False,False,True,0.742755465175394
2025-04-24 20:00:00,121,20,24,3,0,False,False,False,True,False,0.046263345195729534
2025-04-24 20:00:00,59,20,24,3,0,False,False,True,False,False,0.014743263853584139
2025-04-24 20:00:00,1757,20,24,3,0,False,True,False,False,False,0.8779867819013727
2025-04-24 21:00:00,184,21,24,3,0,True,False,False,False,False,0.07829181494661923
2025-04-24 21:00:00,684,21,24,3,0,False,False,False,False,True,0.33248601931875954
2025-04-24 21:00:00,132,21,24,3,0,False,False,False,True,False,0.05185561769191662
2025-04-24 21:00:00,35,21,24,3,0,False,False,True,False,False,0.002541942043721405
2025-04-24 21:00:00,1199,21,24,3,0,False,True,False,False,False,0.5943060498220641
2025-04-24 22:00:00,188,22,24,3,0,True,False,False,False,False,0.08032536858159635
2025-04-24 22:00:00,927,22,24,3,0,False,False,False,False,True,0.4560244026436197
2025-04-24 22:00:00,156,22,24,3,0,False,False,False,True,False,0.06405693950177936
2025-04-24 22:00:00,32,22,24,3,0,False,False,True,False,False,0.0010167768174885617
2025-04-24 22:00:00,1331,22,24,3,0,False,True,False,False,False,0.6614133197763091
2025-04-24 23:00:00,171,23,24,3,0,True,False,False,False,False,0.07168276563294358
2025-04-24 23:00:00,1047,23,24,3,0,False,False,False,False,True,0.5170310116929334
2025-04-24 23:00:00,206,23,24,3,0,False,False,False,True,False,0.0894763599389934
2025-04-24 23:00:00,30,23,24,3,0,False,False,True,False,False,0.0
2025-04-24 23:00:00,1815,23,24,3,0,False,True,False,False,False,0.907473309608541
2025-04-25 00:00:00,100,0,25,4,0,True,False,False,False,False,0.03558718861209964
2025-04-25 00:00:00,906,0,25,4,0,False,False,False,False,True,0.4453482460599898
2025-04-25 00:00:00,118,0,25,4,0,False,False,False,True,False,0.044738179969496694
2025-04-25 00:00:00,39,0,25,4,0,False,False,True,False,False,0.004575495678698525
2025-04-25 00:00:00,1505,0,25,4,0,False,True,False,False,False,0.7498729028978139
2025-04-25 01:00:00,118,1,25,4,0,True,False,False,False,False,0.044738179969496694
2025-04-25 01:00:00,1273,1,25,4,0,False,False,False,False,True,0.6319267920691408
2025-04-25 01:00:00,120,1,25,4,0,False,False,False,True,False,0.045754956786985254
2025-04-25 01:00:00,40,1,25,4,0,False,False,True,False,False,0.0050838840874428085
2025-04-25 01:00:00,1054,1,25,4,0,False,True,False,False,False,0.5205897305541434
2025-04-25 02:00:00,151,2,25,4,0,True,False,False,False,False,0.06151499745805796
2025-04-25 02:00:00,1307,2,25,4,0,False,False,False,False,True,0.6492119979664464
2025-04-25 02:00:00,255,2,25,4,0,False,False,False,True,False,0.11438739196746314
2025-04-25 02:00:00,83,2,25,4,0,False,False,True,False,False,0.026944585663446874
2025-04-25 02:00:00,1469,2,25,4,0,False,True,False,False,False,0.7315709201830198
2025-04-25 03:00:00,198,3,25,4,0,True,False,False,False,False,0.08540925266903915
2025-04-25 03:00:00,1382,3,25,4,0,False,False,False,False,True,0.6873411286222675
2025-04-25 03:00:00,187,3,25,4,0,False,False,False,True,False,0.07981698017285206
2025-04-25 03:00:00,34,3,25,4,0,False,False,True,False,False,0.0020335536349771217
2025-04-25 03:00:00,1258,3,25,4,0,False,True,False,False,False,0.6243009659379767
2025-04-25 04:00:00,149,4,25,4,0,True,False,False,False,False,0.06049822064056939
2025-04-25 04:00:00,757,4,25,4,0,False,False,False,False,True,0.369598373157092
2025-04-25 04:00:00,134,4,25,4,0,False,False,False,True,False,0.05287239450940518
2025-04-25 04:00:00,66,4,25,4,0,False,False,True,False,False,0.0183019827147941
2025-04-25 04:00:00,1538,4,25,4,0,False,True,False,False,False,0.7666497203863752
2025-04-25 05:00:00,118,5,25,4,0,True,False,False,False,False,0.044738179969496694
2025-04-25 05:00:00,725,5,25,4,0,False,False,False,False,True,0.353329944077275
2025-04-25 05:00:00,205,5,25,4,0,False,False,False,True,False,0.08896797153024912
2025-04-25 05:00:00,60,5,25,4,0,False,False,True,False,False,0.015251652262328419
2025-04-25 05:00:00,1238,5,25,4,0,False,True,False,False,False,0.614133197763091
2025-04-25 06:00:00,158,6,25,4,0,True,False,False,False,False,0.06507371631926792
2025-04-25 06:00:00,1334,6,25,4,0,False,False,False,False,True,0.6629384850025419
2025-04-25 06:00:00,125,6,25,4,0,False,False,False,True,False,0.048296898830706654
2025-04-25 06:00:00,70,6,25,4,0,False,False,True,False,False,0.020335536349771227
2025-04-25 06:00:00,1265,6,25,4,0,False,True,False,False,False,0.6278596847991866
2025-04-25 07:00:00,106,7,25,4,0,True,False,False,False,False,0.03863751906456533
2025-04-25 07:00:00,827,7,25,4,0,False,False,False,False,True,0.4051855617691916
2025-04-25 07:00:00,198,7,25,4,0,False,False,False,True,False,0.08540925266903915
2025-04-25 07:00:00,55,7,25,4,0,False,False,True,False,False,0.012709710218607015
2025-04-25 07:00:00,1179,7,25,4,0,False,True,False,False,False,0.5841382816471785
2025-04-25 08:00:00,123,8,25,4,0,True,False,False,False,False,0.047280122013218094
2025-04-25 08:00:00,988,8,25,4,0,False,False,False,False,True,0.4870360955770208
2025-04-25 08:00:00,106,8,25,4,0,False,False,False,True,False,0.03863751906456533
2025-04-25 08:00:00,41,8,25,4,0,False,False,True,False,False,0.0055922724961870885
2025-04-25 08:00:00,1365,8,25,4,0,False,True,False,False,False,0.6786985256736147
2025-04-25 09:00:00,157,9,25,4,0,True,False,False,False,False,0.06456532791052365
2025-04-25 09:00:00,1119,9,25,4,0,False,False,False,False,True,0.5536349771225216
2025-04-25 09:00:00,165,9,25,4,0,False,False,False,True,False,0.06863243518047789
2025-04-25 09:00:00,84,9,25,4,0,False,False,True,False,False,0.027452974072191154
2025-04-25 09:00:00,1340,9,25,4,0,False,True,False,False,False,0.6659888154550077
2025-04-25 10:00:00,192,10,25,4,0,True,False,False,False,False,0.08235892221657347
2025-04-25 10:00:00,751,10,25,4,0,False,False,False,False,True,0.3665480427046263
2025-04-25 10:00:00,197,10,25,4,0,False,False,False,True,False,0.08490086426029488
2025-04-25 10:00:00,71,10,25,4,0,False,False,True,False,False,0.020843924758515507
2025-04-25 10:00:00,1120,10,25,4,0,False,True,False,False,False,0.554143365531266
2025-04-25 11:00:00,121,11,25,4,0,True,False,False,False,False,0.046263345195729534
2025-04-25 11:00:00,1172,11,25,4,0,False,False,False,False,True,0.5805795627859686
2025-04-25 11:00:00,138,11,25,4,0,False,False,False,True,False,0.0549059481443823
2025-04-25 11:00:00,89,11,25,4,0,False,False,True,False,False,0.029994916115912554
2025-04-25 11:00:00,1637,11,25,4,0,False,True,False,False,False,0.816980172852059
2025-04-25 12:00:00,186,12,25,4,0,True,False,False,False,False,0.07930859176410779
2025-04-25 12:00:00,838,12,25,4,0,False,False,False,False,True,0.4107778342653787
2025-04-25 12:00:00,103,12,25,4,0,False,False,False,True,False,0.03711235383833249
2025-04-25 12:00:00,57,12,25,4,0,False,False,True,False,False,0.013726487036095579
2025-04-25 12:00:00,1365,12,25,4,0,False,True,False,False,False,0.6786985256736147
2025-04-25 13:00:00,121,13,25,4,0,True,False,False,False,False,0.046263345195729534
2025-04-25 13:00:00,1019,13,25,4,0,False,False,False,False,True,0.5027961362480936
2025-04-25 13:00:00,104,13,25,4,0,False,False,False,True,False,0.03762074224707677
2025-04-25 13:00:00,52,13,25,4,0,False,False,True,False,False,0.011184544992374175
2025-04-25 13:00:00,1601,13,25,4,0,False,True,False,False,False,0.7986781901372649
2025-04-25 14:00:00,131,14,25,4,0,True,False,False,False,False,0.05134722928317235
2025-04-25 14:00:00,665,14,25,4,0,False,False,False,False,True,0.3228266395526182
2025-04-25 14:00:00,135,14,25,4,0,False,False,False,True,False,0.05338078291814947
2025-04-25 14:00:00,52,14,25,4,0,False,False,True,False,False,0.011184544992374175
2025-04-25 14:00:00,1049,14,25,4,0,False,True,False,False,False,0.518047788510422
2025-04-25 15:00:00,165,15,25,4,0,True,False,False,False,False,0.06863243518047789
2025-04-25 15:00:00,1328,15,25,4,0,False,False,False,False,True,0.6598881545500763
2025-04-25 15:00:00,272,15,25,4,0,False,False,False,True,False,0.12302999491611591
2025-04-25 15:00:00,49,15,25,4,0,False,False,True,False,False,0.009659379766141332
2025-04-25 15:00:00,1220,15,25,4,0,False,True,False,False,False,0.604982206405694
2025-04-25 16:00:00,190,16,25,4,0,True,False,False,False,False,0.08134214539908491
2025-04-25 16:00:00,987,16,25,4,0,False,False,False,False,True,0.4865277071682766
2025-04-25 16:00:00,232,16,25,4,0,False,False,False,True,False,0.1026944585663447
2025-04-25 16:00:00,89,16,25,4,0,False,False,True,False,False,0.029994916115912554
2025-04-25 16:00:00,1762,16,25,4,0,False,True,False,False,False,0.8805287239450941
2025-04-25 17:00:00,162,17,25,4,0,True,False,False,False,False,0.06710726995424506
2025-04-25 17:00:00,781,17,25,4,0,False,False,False,False,True,0.38179969496695476
2025-04-25 17:00:00,182,17,25,4,0,False,False,False,True,False,0.07727503812913067
2025-04-25 17:00:00,66,17,25,4,0,False,False,True,False,False,0.0183019827147941
2025-04-25 17:00:00,1129,17,25,4,0,False,True,False,False,False,0.5587188612099645
2025-04-25 18:00:00,168,18,25,4,0,True,False,False,False,False,0.07015760040671074
2025-04-25 18:00:00,1371,18,25,4,0,False,False,False,False,True,0.6817488561260804
2025-04-25 18:00:00,227,18,25,4,0,False,False,False,True,False,0.10015251652262329
2025-04-25 18:00:00,34,18,25,4,0,False,False,True,False,False,0.0020335536349771217
2025-04-25 18:00:00,1086,18,25,4,0,False,True,False,False,False,0.5368581596339603
2025-04-25 19:00:00,151,19,25,4,0,True,False,False,False,False,0.06151499745805796
2025-04-25 19:00:00,1374,19,25,4,0,False,False,False,False,True,0.6832740213523132
2025-04-25 19:00:00,160,19,25,4,0,False,False,False,True,False,0.0660904931367565
2025-04-25 19:00:00,82,19,25,4,0,False,False,True,False,False,0.026436197254702594
2025-04-25 19:00:00,1740,19,25,4,0,False,True,False,False,False,0.8693441789527199
2025-04-25 20:00:00,162,20,25,4,0,True,False,False,False,False,0.06710726995424506
2025-04-25 20:00:00,608,20,25,4,0,False,False,False,False,True,0.2938485002541942
2025-04-25 20:00:00,107,20,25,4,0,False,False,False,True,False,0.03914590747330961
2025-04-25 20:00:00,36,20,25,4,0,False,False,True,False,False,0.003050330452465685
2025-04-25 20:00:00,1900,20,25,4,0,False,True,False,False,False,0.9506863243518048
2025-04-25 21:00:00,172,21,25,4,0,True,False,False,False,False,0.07219115404168785
2025-04-25 21:00:00,1050,21,25,4,0,False,False,False,False,True,0.5185561769191663
2025-04-25 21:00:00,187,21,25,4,0,False,False,False,True,False,0.07981698017285206
2025-04-25 21:00:00,67,21,25,4,0,False,False,True,False,False,0.01881037112353838
2025-04-25 21:00:00,1542,21,25,4,0,False,True,False,False,False,0.7686832740213524
2025-04-25 22:00:00,172,22,25,4,0,True,False,False,False,False,0.07219115404168785
2025-04-25 22:00:00,1059,22,25,4,0,False,False,False,False,True,0.5231316725978649
2025-04-25 22:00:00,183,22,25,4,0,False,False,False,True,False,0.07778342653787494
2025-04-25 22:00:00,82,22,25,4,0,False,False,True,False,False,0.026436197254702594
2025-04-25 22:00:00,1173,22,25,4,0,False,True,False,False,False,0.5810879511947128
2025-04-25 23:00:00,117,23,25,4,0,True,False,False,False,False,0.044229791560752414
2025-04-25 23:00:00,1353,23,25,4,0,False,False,False,False,True,0.6725978647686833
2025-04-25 23:00:00,292,23,25,4,0,False,False,False,True,False,0.13319776309100154
2025-04-25 23:00:00,47,23,25,4,0,False,False,True,False,False,0.008642602948652772
2025-04-25 23:00:00,1729,23,25,4,0,False,True,False,False,False,0.8637519064565329
2025-04-26 00:00:00,102,0,26,5,1,True,False,False,False,False,0.03660396542958821
2025-04-26 00:00:00,1085,0,26,5,1,False,False,False,False,True,0.5363497712252161
2025-04-26 00:00:00,171,0,26,5,1,False,False,False,True,False,0.07168276563294358
2025-04-26 00:00:00,47,0,26,5,1,False,False,True,False,False,0.008642602948652772
2025-04-26 00:00:00,1129,0,26,5,1,False,True,False,False,False,0.5587188612099645
2025-04-26 01:00:00,112,1,26,5,1,True,False,False,False,False,0.04168784951703101
2025-04-26 01:00:00,1019,1,26,5,1,False,False,False,False,True,0.5027961362480936
2025-04-26 01:00:00,193,1,26,5,1,False,False,False,True,False,0.08286731062531776
2025-04-26 01:00:00,58,1,26,5,1,False,False,True,False,False,0.014234875444839859
2025-04-26 01:00:00,1853,1,26,5,1,False,True,False,False,False,0.9267920691408237
2025-04-26 02:00:00,178,2,26,5,1,True,False,False,False,False,0.07524148449415353
2025-04-26 02:00:00,990,2,26,5,1,False,False,False,False,True,0.4880528723945094
2025-04-26 02:00:00,175,2,26,5,1,False,False,False,True,False,0.0737163192679207
2025-04-26 02:00:00,68,2,26,5,1,False,False,True,False,False,0.01931875953228266
2025-04-26 02:00:00,1171,2,26,5,1,False,True,False,False,False,0.5800711743772242
2025-04-26 03:00:00,115,3,26,5,1,True,False,False,False,False,0.043213014743263854
2025-04-26 03:00:00,1011,3,26,5,1,False,False,False,False,True,0.49872902897813925
2025-04-26 03:00:00,207,3,26,5,1,False,False,False,True,False,0.08998474834773768
2025-04-26 03:00:00,76,3,26,5,1,False,False,True,False,False,0.023385866802236907
2025-04-26 03:00:00,1922,3,26,5,1,False,True,False,False,False,0.961870869344179
2025-04-26 04:00:00,169,4,26,5,1,True,False,False,False,False,0.07066598881545501
2025-04-26 04:00:00,586,4,26,5,1,False,False,False,False,True,0.28266395526182003
2025-04-26 04:00:00,113,4,26,5,1,False,False,False,True,False,0.042196237925775294
2025-04-26 04:00:00,44,4,26,5,1,False,False,True,False,False,0.0071174377224199285
2025-04-26 04:00:00,1932,4,26,5,1,False,True,False,False,False,0.9669547534316218
2025-04-26 05:00:00,143,5,26,5,1,True,False,False,False,False,0.05744789018810371
2025-04-26 05:00:00,529,5,26,5,1,False,False,False,False,True,0.253685815963396
2025-04-26 05:00:00,168,5,26,5,1,False,False,False,True,False,0.07015760040671074
2025-04-26 05:00:00,69,5,26,5,1,False,False,True,False,False,0.01982714794102694
2025-04-26 05:00:00,1730,5,26,5,1,False,True,False,False,False,0.8642602948652771
2025-04-26 06:00:00,156,6,26,5,1,True,False,False,False,False,0.06405693950177936
2025-04-26 06:00:00,1223,6,26,5,1,False,False,False,False,True,0.6065073716319268
2025-04-26 06:00:00,269,6,26,5,1,False,False,False,True,False,0.12150482968988308
2025-04-26 06:00:00,45,6,26,5,1,False,False,True,False,False,0.0076258261311642084
2025-04-26 06:00:00,1911,6,26,5,1,False,True,False,False,False,0.9562785968479919
2025-04-26 07:00:00,147,7,26,5,1,True,False,False,False,False,0.05948144382308083
2025-04-26 07:00:00,1122,7,26,5,1,False,False,False,False,True,0.5551601423487544
2025-04-26 07:00:00,170,7,26,5,1,False,False,False,True,False,0.0711743772241993
2025-04-26 07:00:00,53,7,26,5,1,False,False,True,False,False,0.011692933401118455
2025-04-26 07:00:00,1879,7,26,5,1,False,True,False,False,False,0.9400101677681749
2025-04-26 08:00:00,151,8,26,5,1,True,False,False,False,False,0.06151499745805796
2025-04-26 08:00:00,984,8,26,5,1,False,False,False,False,True,0.4850025419420437
2025-04-26 08:00:00,187,8,26,5,1,False,False,False,True,False,0.07981698017285206
2025-04-26 08:00:00,80,8,26,5,1,False,False,True,False,False,0.025419420437214034
2025-04-26 08:00:00,1074,8,26,5,1,False,True,False,False,False,0.530757498729029
2025-04-26 09:00:00,171,9,26,5,1,True,False,False,False,False,0.07168276563294358
2025-04-26 09:00:00,922,9,26,5,1,False,False,False,False,True,0.45348246059989833
2025-04-26 09:00:00,272,9,26,5,1,False,False,False,True,False,0.12302999491611591
2025-04-26 09:00:00,81,9,26,5,1,False,False,True,False,False,0.025927808845958314
2025-04-26 09:00:00,1836,9,26,5,1,False,True,False,False,False,0.9181494661921709
2025-04-26 10:00:00,101,10,26,5,1,True,False,False,False,False,0.03609557702084392
2025-04-26 10:00:00,1181,10,26,5,1,False,False,False,False,True,0.5851550584646671
2025-04-26 10:00:00,212,10,26,5,1,False,False,False,True,False,0.09252669039145908
2025-04-26 10:00:00,56,10,26,5,1,False,False,True,False,False,0.013218098627351295
2025-04-26 10:00:00,1131,10,26,5,1,False,True,False,False,False,0.559735638027453
2025-04-26 11:00:00,137,11,26,5,1,True,False,False,False,False,0.05439755973563803
2025-04-26 11:00:00,1322,11,26,5,1,False,False,False,False,True,0.6568378240976106
2025-04-26 11:00:00,246,11,26,5,1,False,False,False,True,False,0.10981189628876462
2025-04-26 11:00:00,67,11,26,5,1,False,False,True,False,False,0.01881037112353838
2025-04-26 11:00:00,1183,11,26,5,1,False,True,False,False,False,0.5861718352821556
2025-04-26 12:00:00,172,12,26,5,1,True,False,False,False,False,0.07219115404168785
2025-04-26 12:00:00,603,12,26,5,1,False,False,False,False,True,0.2913065582104728
2025-04-26 12:00:00,146,12,26,5,1,False,False,False,True,False,0.058973055414336555
2025-04-26 12:00:00,49,12,26,5,1,False,False,True,False,False,0.009659379766141332
2025-04-26 12:00:00,1580,12,26,5,1,False,True,False,False,False,0.7880020335536351
2025-04-26 13:00:00,156,13,26,5,1,True,False,False,False,False,0.06405693950177936
2025-04-26 13:00:00,813,13,26,5,1,False,False,False,False,True,0.3980681240467717
2025-04-26 13:00:00,173,13,26,5,1,False,False,False,True,False,0.07269954245043214
2025-04-26 13:00:00,30,13,26,5,1,False,False,True,False,False,0.0
2025-04-26 13:00:00,1532,13,26,5,1,False,True,False,False,False,0.7635993899339095
2025-04-26 14:00:00,165,14,26,5,1,True,False,False,False,False,0.06863243518047789
2025-04-26 14:00:00,1420,14,26,5,1,False,False,False,False,True,0.7066598881545502
2025-04-26 14:00:00,240,14,26,5,1,False,False,False,True,False,0.10676156583629894
2025-04-26 14:00:00,31,14,26,5,1,False,False,True,False,False,0.0005083884087442817
2025-04-26 14:00:00,1412,14,26,5,1,False,True,False,False,False,0.7025927808845959
2025-04-26 15:00:00,119,15,26,5,1,True,False,False,False,False,0.045246568378240974
2025-04-26 15:00:00,699,15,26,5,1,False,False,False,False,True,0.34011184544992373
2025-04-26 15:00:00,197,15,26,5,1,False,False,False,True,False,0.08490086426029488
2025-04-26 15:00:00,84,15,26,5,1,False,False,True,False,False,0.027452974072191154
2025-04-26 15:00:00,1798,15,26,5,1,False,True,False,False,False,0.8988307066598882
2025-04-26 16:00:00,197,16,26,5,1,True,False,False,False,False,0.08490086426029488
2025-04-26 16:00:00,1194,16,26,5,1,False,False,False,False,True,0.5917641077783427
2025-04-26 16:00:00,261,16,26,5,1,False,False,False,True,False,0.11743772241992884
2025-04-26 16:00:00,60,16,26,5,1,False,False,True,False,False,0.015251652262328419
2025-04-26 16:00:00,1359,16,26,5,1,False,True,False,False,False,0.675648195221149
2025-04-26 17:00:00,199,17,26,5,1,True,False,False,False,False,0.08591764107778344
2025-04-26 17:00:00,676,17,26,5,1,False,False,False,False,True,0.32841891204880524
2025-04-26 17:00:00,265,17,26,5,1,False,False,False,True,False,0.11947127605490596
2025-04-26 17:00:00,72,17,26,5,1,False,False,True,False,False,0.021352313167259787
2025-04-26 17:00:00,1388,17,26,5,1,False,True,False,False,False,0.6903914590747331
2025-04-26 18:00:00,109,18,26,5,1,True,False,False,False,False,0.04016268429079817
2025-04-26 18:00:00,1494,18,26,5,1,False,False,False,False,True,0.7442806304016268
2025-04-26 18:00:00,225,18,26,5,1,False,False,False,True,False,0.09913573970513473
2025-04-26 18:00:00,50,18,26,5,1,False,False,True,False,False,0.010167768174885612
2025-04-26 18:00:00,1421,18,26,5,1,False,True,False,False,False,0.7071682765632944
2025-04-26 19:00:00,104,19,26,5,1,True,False,False,False,False,0.03762074224707677
2025-04-26 19:00:00,791,19,26,5,1,False,False,False,False,True,0.3868835790543975
2025-04-26 19:00:00,162,19,26,5,1,False,False,False,True,False,0.06710726995424506
2025-04-26 19:00:00,41,19,26,5,1,False,False,True,False,False,0.0055922724961870885
2025-04-26 19:00:00,1578,19,26,5,1,False,True,False,False,False,0.7869852567361465
2025-04-26 20:00:00,139,20,26,5,1,True,False,False,False,False,0.05541433655312659
2025-04-26 20:00:00,519,20,26,5,1,False,False,False,False,True,0.24860193187595322
2025-04-26 20:00:00,133,20,26,5,1,False,False,False,True,False,0.05236400610066091
2025-04-26 20:00:00,42,20,26,5,1,False,False,True,False,False,0.0061006609049313685
2025-04-26 20:00:00,1631,20,26,5,1,False,True,False,False,False,0.8139298423995933
2025-04-26 21:00:00,163,21,26,5,1,True,False,False,False,False,0.06761565836298933
2025-04-26 21:00:00,1266,21,26,5,1,False,False,False,False,True,0.6283680732079309
2025-04-26 21:00:00,148,21,26,5,1,False,False,False,True,False,0.059989832231825115
2025-04-26 21:00:00,81,21,26,5,1,False,False,True,False,False,0.025927808845958314
2025-04-26 21:00:00,1095,21,26,5,1,False,True,False,False,False,0.5414336553126589
2025-04-26 22:00:00,186,22,26,5,1,True,False,False,False,False,0.07930859176410779
2025-04-26 22:00:00,981,22,26,5,1,False,False,False,False,True,0.48347737671581087
2025-04-26 22:00:00,244,22,26,5,1,False,False,False,True,False,0.10879511947127606
2025-04-26 22:00:00,87,22,26,5,1,False,False,True,False,False,0.028978139298423994
2025-04-26 22:00:00,1223,22,26,5,1,False,True,False,False,False,0.6065073716319268
2025-04-26 23:00:00,158,23,26,5,1,True,False,False,False,False,0.06507371631926792
2025-04-26 23:00:00,1449,23,26,5,1,False,False,False,False,True,0.7214031520081342
2025-04-26 23:00:00,253,23,26,5,1,False,False,False,True,False,0.1133706151499746
2025-04-26 23:00:00,46,23,26,5,1,False,False,True,False,False,0.008134214539908492
2025-04-26 23:00:00,1080,23,26,5,1,False,True,False,False,False,0.5338078291814947
2025-04-27 00:00:00,111,0,27,6,1,True,False,False,False,False,0.04117946110828673
2025-04-27 00:00:00,1415,0,27,6,1,False,False,False,False,True,0.7041179461108287
2025-04-27 00:00:00,203,0,27,6,1,False,False,False,True,False,0.08795119471276056
2025-04-27 00:00:00,83,0,27,6,1,False,False,True,False,False,0.026944585663446874
2025-04-27 00:00:00,1313,0,27,6,1,False,True,False,False,False,0.6522623284189121
2025-04-27 01:00:00,142,1,27,6,1,True,False,False,False,False,0.056939501779359435
2025-04-27 01:00:00,840,1,27,6,1,False,False,False,False,True,0.4117946110828673
2025-04-27 01:00:00,201,1,27,6,1,False,False,False,True,False,0.086934417895272
2025-04-27 01:00:00,44,1,27,6,1,False,False,True,False,False,0.0071174377224199285
2025-04-27 01:00:00,1137,1,27,6,1,False,True,False,False,False,0.5627859684799187
2025-04-27 02:00:00,155,2,27,6,1,True,False,False,False,False,0.06354855109303509
2025-04-27 02:00:00,648,2,27,6,1,False,False,False,False,True,0.31418403660396543
2025-04-27 02:00:00,137,2,27,6,1,False,False,False,True,False,0.05439755973563803
2025-04-27 02:00:00,49,2,27,6,1,False,False,True,False,False,0.009659379766141332
2025-04-27 02:00:00,1171,2,27,6,1,False,True,False,False,False,0.5800711743772242
2025-04-27 03:00:00,185,3,27,6,1,True,False,False,False,False,0.0788002033553635
2025-04-27 03:00:00,688,3,27,6,1,False,False,False,False,True,0.33451957295373663
2025-04-27 03:00:00,113,3,27,6,1,False,False,False,True,False,0.042196237925775294
2025-04-27 03:00:00,64,3,27,6,1,False,False,True,False,False,0.01728520589730554
2025-04-27 03:00:00,1085,3,27,6,1,False,True,False,False,False,0.5363497712252161
2025-04-27 04:00:00,187,4,27,6,1,True,False,False,False,False,0.07981698017285206
2025-04-27 04:00:00,583,4,27,6,1,False,False,False,False,True,0.28113879003558717
2025-04-27 04:00:00,101,4,27,6,1,False,False,False,True,False,0.03609557702084392
2025-04-27 04:00:00,68,4,27,6,1,False,False,True,False,False,0.01931875953228266
2025-04-27 04:00:00,1611,4,27,6,1,False,True,False,False,False,0.8037620742247077
2025-04-27 05:00:00,184,5,27,6,1,True,False,False,False,False,0.07829181494661923
2025-04-27 05:00:00,1156,5,27,6,1,False,False,False,False,True,0.5724453482460601
2025-04-27 05:00:00,201,5,27,6,1,False,False,False,True,False,0.086934417895272
2025-04-27 05:00:00,83,5,27,6,1,False,False,True,False,False,0.026944585663446874
2025-04-27 05:00:00,1870,5,27,6,1,False,True,False,False,False,0.9354346720894764
2025-04-27 06:00:00,165,6,27,6,1,True,False,False,False,False,0.06863243518047789
2025-04-27 06:00:00,592,6,27,6,1,False,False,False,False,True,0.2857142857142857
2025-04-27 06:00:00,191,6,27,6,1,False,False,False,True,False,0.08185053380782918
2025-04-27 06:00:00,31,6,27,6,1,False,False,True,False,False,0.0005083884087442817
2025-04-27 06:00:00,1258,6,27,6,1,False,True,False,False,False,0.6243009659379767
2025-04-27 07:00:00,189,7,27,6,1,True,False,False,False,False,0.08083375699034062
2025-04-27 07:00:00,926,7,27,6,1,False,False,False,False,True,0.4555160142348754
2025-04-27 07:00:00,104,7,27,6,1,False,False,False,True,False,0.03762074224707677
2025-04-27 07:00:00,30,7,27,6,1,False,False,True,False,False,0.0
2025-04-27 07:00:00,1647,7,27,6,1,False,True,False,False,False,0.8220640569395018
2025-04-27 08:00:00,178,8,27,6,1,True,False,False,False,False,0.07524148449415353
2025-04-27 08:00:00,757,8,27,6,1,False,False,False,False,True,0.369598373157092
2025-04-27 08:00:00,100,8,27,6,1,False,False,False,True,False,0.03558718861209964
2025-04-27 08:00:00,61,8,27,6,1,False,False,True,False,False,0.0157600406710727
2025-04-27 08:00:00,1639,8,27,6,1,False,True,False,False,False,0.8179969496695476
2025-04-27 09:00:00,184,9,27,6,1,True,False,False,False,False,0.07829181494661923
2025-04-27 09:00:00,973,9,27,6,1,False,False,False,False,True,0.47941026944585663
2025-04-27 09:00:00,214,9,27,6,1,False,False,False,True,False,0.09354346720894764
2025-04-27 09:00:00,51,9,27,6,1,False,False,True,False,False,0.010676156583629895
2025-04-27 09:00:00,1548,9,27,6,1,False,True,False,False,False,0.771733604473818
2025-04-27 10:00:00,143,10,27,6,1,True,False,False,False,False,0.05744789018810371
2025-04-27 10:00:00,1167,10,27,6,1,False,False,False,False,True,0.5780376207422471
2025-04-27 10:00:00,197,10,27,6,1,False,False,False,True,False,0.08490086426029488
2025-04-27 10:00:00,34,10,27,6,1,False,False,True,False,False,0.0020335536349771217
2025-04-27 10:00:00,1093,10,27,6,1,False,True,False,False,False,0.5404168784951704
2025-04-27 11:00:00,195,11,27,6,1,True,False,False,False,False,0.08388408744280632
2025-04-27 11:00:00,1243,11,27,6,1,False,False,False,False,True,0.6166751398068124
2025-04-27 11:00:00,290,11,27,6,1,False,False,False,True,False,0.13218098627351296
2025-04-27 11:00:00,34,11,27,6,1,False,False,True,False,False,0.0020335536349771217
2025-04-27 11:00:00,1227,11,27,6,1,False,True,False,False,False,0.608540925266904
2025-04-27 12:00:00,152,12,27,6,1,True,False,False,False,False,0.062023385866802234
2025-04-27 12:00:00,1191,12,27,6,1,False,False,False,False,True,0.5902389425521098
2025-04-27 12:00:00,146,12,27,6,1,False,False,False,True,False,0.058973055414336555
2025-04-27 12:00:00,56,12,27,6,1,False,False,True,False,False,0.013218098627351295
2025-04-27 12:00:00,1773,12,27,6,1,False,True,False,False,False,0.8861209964412812
2025-04-27 13:00:00,197,13,27,6,1,True,False,False,False,False,0.08490086426029488
2025-04-27 13:00:00,1144,13,27,6,1,False,False,False,False,True,0.5663446873411286
2025-04-27 13:00:00,165,13,27,6,1,False,False,False,True,False,0.06863243518047789
2025-04-27 13:00:00,71,13,27,6,1,False,False,True,False,False,0.020843924758515507
2025-04-27 13:00:00,1997,13,27,6,1,False,True,False,False,False,1.0
2025-04-27 14:00:00,137,14,27,6,1,True,False,False,False,False,0.05439755973563803
2025-04-27 14:00:00,930,14,27,6,1,False,False,False,False,True,0.45754956786985257
2025-04-27 14:00:00,115,14,27,6,1,False,False,False,True,False,0.043213014743263854
2025-04-27 14:00:00,32,14,27,6,1,False,False,True,False,False,0.0010167768174885617
2025-04-27 14:00:00,1946,14,27,6,1,False,True,False,False,False,0.9740721911540418
2025-04-27 15:00:00,195,15,27,6,1,True,False,False,False,False,0.08388408744280632
2025-04-27 15:00:00,932,15,27,6,1,False,False,False,False,True,0.4585663446873411
2025-04-27 15:00:00,118,15,27,6,1,False,False,False,True,False,0.044738179969496694
2025-04-27 15:00:00,44,15,27,6,1,False,False,True,False,False,0.0071174377224199285
2025-04-27 15:00:00,1495,15,27,6,1,False,True,False,False,False,0.7447890188103712
2025-04-27 16:00:00,132,16,27,6,1,True,False,False,False,False,0.05185561769191662
2025-04-27 16:00:00,839,16,27,6,1,False,False,False,False,True,0.411286222674123
2025-04-27 16:00:00,252,16,27,6,1,False,False,False,True,False,0.11286222674123031
2025-04-27 16:00:00,62,16,27,6,1,False,False,True,False,False,0.01626842907981698
2025-04-27 16:00:00,1465,16,27,6,1,False,True,False,False,False,0.7295373665480428
2025-04-27 17:00:00,179,17,27,6,1,True,False,False,False,False,0.07574987290289782
2025-04-27 17:00:00,751,17,27,6,1,False,False,False,False,True,0.3665480427046263
2025-04-27 17:00:00,110,17,27,6,1,False,False,False,True,False,0.04067107269954245
2025-04-27 17:00:00,75,17,27,6,1,False,False,True,False,False,0.022877478393492627
2025-04-27 17:00:00,1215,17,27,6,1,False,True,False,False,False,0.6024402643619726
2025-04-27 18:00:00,152,18,27,6,1,True,False,False,False,False,0.062023385866802234
2025-04-27 18:00:00,1094,18,27,6,1,False,False,False,False,True,0.5409252669039146
2025-04-27 18:00:00,198,18,27,6,1,False,False,False,True,False,0.08540925266903915
2025-04-27 18:00:00,80,18,27,6,1,False,False,True,False,False,0.025419420437214034
2025-04-27 18:00:00,1660,18,27,6,1,False,True,False,False,False,0.8286731062531775
2025-04-27 19:00:00,195,19,27,6,1,True,False,False,False,False,0.08388408744280632
2025-04-27 19:00:00,1402,19,27,6,1,False,False,False,False,True,0.6975088967971531
2025-04-27 19:00:00,253,19,27,6,1,False,False,False,True,False,0.1133706151499746
2025-04-27 19:00:00,64,19,27,6,1,False,False,True,False,False,0.01728520589730554
2025-04-27 19:00:00,1286,19,27,6,1,False,True,False,False,False,0.6385358413828165
2025-04-27 20:00:00,111,20,27,6,1,True,False,False,False,False,0.04117946110828673
2025-04-27 20:00:00,550,20,27,6,1,False,False,False,False,True,0.2643619725470259
2025-04-27 20:00:00,119,20,27,6,1,False,False,False,True,False,0.045246568378240974
2025-04-27 20:00:00,30,20,27,6,1,False,False,True,False,False,0.0
2025-04-27 20:00:00,1503,20,27,6,1,False,True,False,False,False,0.7488561260803254
2025-04-27 21:00:00,175,21,27,6,1,True,False,False,False,False,0.0737163192679207
2025-04-27 21:00:00,754,21,27,6,1,False,False,False,False,True,0.3680732079308592
2025-04-27 21:00:00,181,21,27,6,1,False,False,False,True,False,0.07676664972038638
2025-04-27 21:00:00,46,21,27,6,1,False,False,True,False,False,0.008134214539908492
2025-04-27 21:00:00,1526,21,27,6,1,False,True,False,False,False,0.7605490594814439
2025-04-27 22:00:00,171,22,27,6,1,True,False,False,False,False,0.07168276563294358
2025-04-27 22:00:00,1441,22,27,6,1,False,False,False,False,True,0.71733604473818
2025-04-27 22:00:00,264,22,27,6,1,False,False,False,True,False,0.11896288764616167
2025-04-27 22:00:00,58,22,27,6,1,False,False,True,False,False,0.014234875444839859
2025-04-27 22:00:00,1656,22,27,6,1,False,True,False,False,False,0.8266395526182003
2025-04-27 23:00:00,162,23,27,6,1,True,False,False,False,False,0.06710726995424506
2025-04-27 23:00:00,1050,23,27,6,1,False,False,False,False,True,0.5185561769191663
2025-04-27 23:00:00,202,23,27,6,1,False,False,False,True,False,0.08744280630401627
2025-04-27 23:00:00,88,23,27,6,1,False,False,True,False,False,0.029486527707168274
2025-04-27 23:00:00,1121,23,27,6,1,False,True,False,False,False,0.5546517539400102
2025-04-28 00:00:00,136,0,28,0,0,True,False,False,False,False,0.05388917132689374
2025-04-28 00:00:00,1050,0,28,0,0,False,False,False,False,True,0.5185561769191663
2025-04-28 00:00:00,214,0,28,0,0,False,False,False,True,False,0.09354346720894764
2025-04-28 00:00:00,54,0,28,0,0,False,False,True,False,False,0.012201321809862735
2025-04-28 00:00:00,1119,0,28,0,0,False,True,False,False,False,0.5536349771225216
2025-04-28 01:00:00,176,1,28,0,0,True,False,False,False,False,0.07422470767666497
2025-04-28 01:00:00,550,1,28,0,0,False,False,False,False,True,0.2643619725470259
2025-04-28 01:00:00,101,1,28,0,0,False,False,False,True,False,0.03609557702084392
2025-04-28 01:00:00,58,1,28,0,0,False,False,True,False,False,0.014234875444839859
2025-04-28 01:00:00,1550,1,28,0,0,False,True,False,False,False,0.7727503812913066
2025-04-28 02:00:00,120,2,28,0,0,True,False,False,False,False,0.045754956786985254
2025-04-28 02:00:00,1422,2,28,0,0,False,False,False,False,True,0.7076766649720386
2025-04-28 02:00:00,151,2,28,0,0,False,False,False,True,False,0.06151499745805796
2025-04-28 02:00:00,82,2,28,0,0,False,False,True,False,False,0.026436197254702594
2025-04-28 02:00:00,1202,2,28,0,0,False,True,False,False,False,0.595831215048297
2025-04-28 03:00:00,118,3,28,0,0,True,False,False,False,False,0.044738179969496694
2025-04-28 03:00:00,1008,3,28,0,0,False,False,False,False,True,0.49720386375190645
2025-04-28 03:00:00,110,3,28,0,0,False,False,False,True,False,0.04067107269954245
2025-04-28 03:00:00,69,3,28,0,0,False,False,True,False,False,0.01982714794102694
2025-04-28 03:00:00,1574,3,28,0,0,False,True,False,False,False,0.7849517031011694
2025-04-28 04:00:00,143,4,28,0,0,True,False,False,False,False,0.05744789018810371
2025-04-28 04:00:00,1474,4,28,0,0,False,False,False,False,True,0.7341128622267413
2025-04-28 04:00:00,159,4,28,0,0,False,False,False,True,False,0.06558210472801221
2025-04-28 04:00:00,68,4,28,0,0,False,False,True,False,False,0.01931875953228266
2025-04-28 04:00:00,1163,4,28,0,0,False,True,False,False,False,0.57600406710727
2025-04-28 05:00:00,165,5,28,0,0,True,False,False,False,False,0.06863243518047789
2025-04-28 05:00:00,727,5,28,0,0,False,False,False,False,True,0.3543467208947636
2025-04-28 05:00:00,166,5,28,0,0,False,False,False,True,False,0.06914082358922218
2025-04-28 05:00:00,84,5,28,0,0,False,False,True,False,False,0.027452974072191154
2025-04-28 05:00:00,1043,5,28,0,0,False,True,False,False,False,0.5149974580579563
2025-04-28 06:00:00,118,6,28,0,0,True,False,False,False,False,0.044738179969496694
2025-04-28 06:00:00,1340,6,28,0,0,False,False,False,False,True,0.6659888154550077
2025-04-28 06:00:00,259,6,28,0,0,False,False,False,True,False,0.11642094560244026
2025-04-28 06:00:00,70,6,28,0,0,False,False,True,False,False,0.020335536349771227
2025-04-28 06:00:00,1621,6,28,0,0,False,True,False,False,False,0.8088459583121506
2025-04-28 07:00:00,164,7,28,0,0,True,False,False,False,False,0.06812404677173362
2025-04-28 07:00:00,508,7,28,0,0,False,False,False,False,True,0.24300965937976612
2025-04-28 07:00:00,131,7,28,0,0,False,False,False,True,False,0.05134722928317235
2025-04-28 07:00:00,88,7,28,0,0,False,False,True,False,False,0.029486527707168274
2025-04-28 07:00:00,1005,7,28,0,0,False,True,False,False,False,0.49567869852567364
2025-04-28 08:00:00,185,8,28,0,0,True,False,False,False,False,0.0788002033553635
2025-04-28 08:00:00,826,8,28,0,0,False,False,False,False,True,0.40467717336044734
2025-04-28 08:00:00,190,8,28,0,0,False,False,False,True,False,0.08134214539908491
2025-04-28 08:00:00,66,8,28,0,0,False,False,True,False,False,0.0183019827147941
2025-04-28 08:00:00,1315,8,28,0,0,False,True,False,False,False,0.6532791052364006
2025-04-28 09:00:00,127,9,28,0,0,True,False,False,False,False,0.049313675648195214
2025-04-28 09:00:00,1233,9,28,0,0,False,False,False,False,True,0.6115912557193697
2025-04-28 09:00:00,221,9,28,0,0,False,False,False,True,False,0.09710218607015761
2025-04-28 09:00:00,50,9,28,0,0,False,False,True,False,False,0.010167768174885612
2025-04-28 09:00:00,1246,9,28,0,0,False,True,False,False,False,0.6182003050330452
2025-04-28 10:00:00,109,10,28,0,0,True,False,False,False,False,0.04016268429079817
2025-04-28 10:00:00,595,10,28,0,0,False,False,False,False,True,0.28723945094051856
2025-04-28 10:00:00,292,10,28,0,0,False,False,False,True,False,0.13319776309100154
2025-04-28 10:00:00,50,10,28,0,0,False,False,True,False,False,0.010167768174885612
2025-04-28 10:00:00,1046,10,28,0,0,False,True,False,False,False,0.5165226232841892
2025-04-28 11:00:00,164,11,28,0,0,True,False,False,False,False,0.06812404677173362
2025-04-28 11:00:00,1046,11,28,0,0,False,False,False,False,True,0.5165226232841892
2025-04-28 11:00:00,108,11,28,0,0,False,False,False,True,False,0.03965429588205389
2025-04-28 11:00:00,36,11,28,0,0,False,False,True,False,False,0.003050330452465685
2025-04-28 11:00:00,1213,11,28,0,0,False,True,False,False,False,0.601423487544484
2025-04-28 12:00:00,114,12,28,0,0,True,False,False,False,False,0.042704626334519574
2025-04-28 12:00:00,527,12,28,0,0,False,False,False,False,True,0.25266903914590744
2025-04-28 12:00:00,266,12,28,0,0,False,False,False,True,False,0.11997966446365024
2025-04-28 12:00:00,73,12,28,0,0,False,False,True,False,False,0.021860701576004067
2025-04-28 12:00:00,1690,12,28,0,0,False,True,False,False,False,0.8439247585155059
2025-04-28 13:00:00,124,13,28,0,0,True,False,False,False,False,0.04778851042196238
2025-04-28 13:00:00,873,13,28,0,0,False,False,False,False,True,0.42857142857142855
2025-04-28 13:00:00,137,13,28,0,0,False,False,False,True,False,0.05439755973563803
2025-04-28 13:00:00,50,13,28,0,0,False,False,True,False,False,0.010167768174885612
2025-04-28 13:00:00,1868,13,28,0,0,False,True,False,False,False,0.9344178952719878
2025-04-28 14:00:00,194,14,28,0,0,True,False,False,False,False,0.08337569903406203
2025-04-28 14:00:00,1461,14,28,0,0,False,False,False,False,True,0.7275038129130657
2025-04-28 14:00:00,297,14,28,0,0,False,False,False,True,False,0.13573970513472294
2025-04-28 14:00:00,63,14,28,0,0,False,False,True,False,False,0.01677681748856126
2025-04-28 14:00:00,1264,14,28,0,0,False,True,False,False,False,0.6273512963904423
2025-04-28 15:00:00,105,15,28,0,0,True,False,False,False,False,0.03812913065582105
2025-04-28 15:00:00,804,15,28,0,0,False,False,False,False,True,0.3934926283680732
2025-04-28 15:00:00,156,15,28,0,0,False,False,False,True,False,0.06405693950177936
2025-04-28 15:00:00,46,15,28,0,0,False,False,True,False,False,0.008134214539908492
2025-04-28 15:00:00,1972,15,28,0,0,False,True,False,False,False,0.987290289781393
2025-04-28 16:00:00,143,16,28,0,0,True,False,False,False,False,0.05744789018810371
2025-04-28 16:00:00,1281,16,28,0,0,False,False,False,False,True,0.6359938993390951
2025-04-28 16:00:00,176,16,28,0,0,False,False,False,True,False,0.07422470767666497
2025-04-28 16:00:00,72,16,28,0,0,False,False,True,False,False,0.021352313167259787
2025-04-28 16:00:00,1798,16,28,0,0,False,True,False,False,False,0.8988307066598882
2025-04-28 17:00:00,100,17,28,0,0,True,False,False,False,False,0.03558718861209964
2025-04-28 17:00:00,1497,17,28,0,0,False,False,False,False,True,0.7458057956278598
2025-04-28 17:00:00,222,17,28,0,0,False,False,False,True,False,0.09761057447890188
2025-04-28 17:00:00,40,17,28,0,0,False,False,True,False,False,0.0050838840874428085
2025-04-28 17:00:00,1091,17,28,0,0,False,True,False,False,False,0.5394001016776818
2025-04-28 18:00:00,158,18,28,0,0,True,False,False,False,False,0.06507371631926792
2025-04-28 18:00:00,743,18,28,0,0,False,False,False,False,True,0.3624809354346721
2025-04-28 18:00:00,248,18,28,0,0,False,False,False,True,False,0.11082867310625319
2025-04-28 18:00:00,39,18,28,0,0,False,False,True,False,False,0.004575495678698525
2025-04-28 18:00:00,1346,18,28,0,0,False,True,False,False,False,0.6690391459074734
2025-04-28 19:00:00,111,19,28,0,0,True,False,False,False,False,0.04117946110828673
2025-04-28 19:00:00,1107,19,28,0,0,False,False,False,False,True,0.5475343162175903
2025-04-28 19:00:00,174,19,28,0,0,False,False,False,True,False,0.07320793085917641
2025-04-28 19:00:00,42,19,28,0,0,False,False,True,False,False,0.0061006609049313685
2025-04-28 19:00:00,1498,19,28,0,0,False,True,False,False,False,0.746314184036604
2025-04-28 20:00:00,114,20,28,0,0,True,False,False,False,False,0.042704626334519574
2025-04-28 20:00:00,988,20,28,0,0,False,False,False,False,True,0.4870360955770208
2025-04-28 20:00:00,178,20,28,0,0,False,False,False,True,False,0.07524148449415353
2025-04-28 20:00:00,67,20,28,0,0,False,False,True,False,False,0.01881037112353838
2025-04-28 20:00:00,1497,20,28,0,0,False,True,False,False,False,0.7458057956278598
2025-04-28 21:00:00,154,21,28,0,0,True,False,False,False,False,0.0630401626842908
2025-04-28 21:00:00,1204,21,28,0,0,False,False,False,False,True,0.5968479918657855
2025-04-28 21:00:00,106,21,28,0,0,False,False,False,True,False,0.03863751906456533
2025-04-28 21:00:00,86,21,28,0,0,False,False,True,False,False,0.028469750889679714
2025-04-28 21:00:00,1810,21,28,0,0,False,True,False,False,False,0.9049313675648195
2025-04-28 22:00:00,147,22,28,0,0,True,False,False,False,False,0.05948144382308083
2025-04-28 22:00:00,1262,22,28,0,0,False,False,False,False,True,0.6263345195729538
2025-04-28 22:00:00,120,22,28,0,0,False,False,False,True,False,0.045754956786985254
2025-04-28 22:00:00,48,22,28,0,0,False,False,True,False,False,0.009150991357397052
2025-04-28 22:00:00,1111,22,28,0,0,False,True,False,False,False,0.5495678698525674
2025-04-28 23:00:00,124,23,28,0,0,True,False,False,False,False,0.04778851042196238
2025-04-28 23:00:00,1227,23,28,0,0,False,False,False,False,True,0.608540925266904
2025-04-28 23:00:00,189,23,28,0,0,False,False,False,True,False,0.08083375699034062
2025-04-28 23:00:00,82,23,28,0,0,False,False,True,False,False,0.026436197254702594
2025-04-28 23:00:00,1486,23,28,0,0,False,True,False,False,False,0.7402135231316727
